titulo,precio,habitaciones,m2,altura,zona
"Piso en Calle de Jerónima Llorente, 74, Bellas Vistas, Madrid",1.900€/mes,3,75,Planta 1ª exterior con ascensor,"Bellas Vistas, Madrid"
"Dúplex en Calle del Doctor Santero, Bellas Vistas, Madrid",5.300€/mes,4,192,N/A,"Bellas Vistas, Madrid"
"Piso en Calle de las Margaritas, 15, Berruguete, Madrid",800€/mes,1,27,Bajo exterior sin ascensor,"Berruguete, Madrid"
"Ático en Calle de Almansa, 7, Bellas Vistas, Madrid",1.578€/mes,1,42,Planta 3ª exterior sin ascensor,"Bellas Vistas, Madrid"
"Dúplex en Calle Aranjuez, 5, Bellas Vistas, Madrid",1.150€/mes,1,55,Bajo exterior con ascensor,"Bellas Vistas, Madrid"
"Piso en Calle Pinos Alta, 42, Ventilla-Almenara, Madrid",1.750€/mes,1,65,Planta 1ª exterior con ascensor,"Ventilla-Almenara, Madrid"
"Piso en Calle Roble, 26, Cuzco-Castillejos, Madrid",1.400€/mes,1,60,Planta 2ª exterior con ascensor,"Cuzco-Castillejos, Madrid"
"Piso en Calle de Almansa, 7, Bellas Vistas, Madrid",1.376€/mes,2,42,Bajo interior sin ascensor,"Bellas Vistas, Madrid"
"Ático en Calle de Lorenza Correa, 7, Bellas Vistas, Madrid",1.100€/mes,1,50,Planta 3ª exterior con ascensor,"Bellas Vistas, Madrid"
"Piso en Calle Pinos Alta, Ventilla-Almenara, Madrid",1.750€/mes,1,50,Planta 1ª exterior con ascensor,"Ventilla-Almenara, Madrid"
"Piso en Calle de Joaquín Arjona, Bellas Vistas, Madrid",1.950€/mes,4,75,N/A,"Bellas Vistas, Madrid"
"Piso en Calle Topete, Bellas Vistas, Madrid",990€/mes,1,35,Planta 1ª exterior sin ascensor,"Bellas Vistas, Madrid"
"Piso en Calle de Robledo, Valdeacederas, Madrid",2.030€/mes,2,85,N/A,"Valdeacederas, Madrid"
"Ático en Calle de Modesto Lafuente, Nuevos Ministerios-Ríos Rosas, Madrid",3.500€/mes,3,102,Planta 6ª exterior con ascensor,"Nuevos Ministerios-Ríos Rosas, Madrid"
"Piso en Calle de Bravo Murillo, 189, Bellas Vistas, Madrid",2.500€/mes,2,114,Planta 6ª exterior con ascensor,"Bellas Vistas, Madrid"
"Piso en Ps Direccion, Valdeacederas, Madrid",1.200€/mes,2,78,Planta 1ª exterior con ascensor,"Valdeacederas, Madrid"
"Piso en Avenida del Doctor Federico Rubio y Galí, 1, Bellas Vistas, Madrid",1.250€/mes,1,42,N/A,"Bellas Vistas, Madrid"
"Piso en Calle de María de Guzmán, Nuevos Ministerios-Ríos Rosas, Madrid",1.600€/mes,2,50,Bajo interior con ascensor,"Nuevos Ministerios-Ríos Rosas, Madrid"
"Piso en Jose Maria De Castro, Cuatro Caminos, Madrid",1.150€/mes,1,47,Planta 1ª exterior sin ascensor,"Cuatro Caminos, Madrid"
"Estudio en Calle de Don Quijote, s/n, Cuatro Caminos, Madrid",1.200€/mes,N/A,45,Planta 1ª exterior sin ascensor,"s/n, Cuatro Caminos, Madrid"
"Estudio en Artistas, 8, Cuatro Caminos, Madrid",795€/mes,N/A,29,Planta 3ª interior con ascensor,"Cuatro Caminos, Madrid"
"Piso en Plaza de la Condesa de Gavia, Cuatro Caminos, Madrid",2.530€/mes,2,95,Planta 4ª exterior con ascensor,"Cuatro Caminos, Madrid"
"Piso en Calle de Bravo Murillo, 193, Berruguete, Madrid",1.350€/mes,1,80,Planta 4ª exterior con ascensor,"Berruguete, Madrid"
"Piso en Calle de María de Guzmán, Nuevos Ministerios-Ríos Rosas, Madrid",1.900€/mes,1,63,Planta 4ª exterior con ascensor,"Nuevos Ministerios-Ríos Rosas, Madrid"
"Ático en Calle de Dulcinea, 40, Cuatro Caminos, Madrid",1.500€/mes,1,60,Planta 3ª exterior con ascensor,"Cuatro Caminos, Madrid"
"Piso en Calle Sófora, Cuzco-Castillejos, Madrid",1.900€/mes,3,132,Planta 3ª exterior sin ascensor,"Cuzco-Castillejos, Madrid"
"Piso en Calle de Sor Ángela de la Cruz, Cuzco-Castillejos, Madrid",1.700€/mes,2,77,Planta 1ª exterior con ascensor,"Cuzco-Castillejos, Madrid"
"Piso en Calle de la Infanta Mercedes, Cuzco-Castillejos, Madrid",1.800€/mes,1,65,Planta 2ª exterior con ascensor,"Cuzco-Castillejos, Madrid"
"Piso en Calle Fulgencio de Miguel, 4, Berruguete, Madrid",1.100€/mes,1,72,Planta 1ª exterior con ascensor,"Berruguete, Madrid"
"Piso en Calle de los Artistas, Cuatro Caminos, Madrid",2.735€/mes,2,81,Planta 4ª exterior con ascensor,"Cuatro Caminos, Madrid"
"Piso en Calle Fulgencio de Miguel, 4, Berruguete, Madrid",1.100€/mes,1,72,Planta 1ª exterior con ascensor,"Berruguete, Madrid"
"Piso en Calle de Treviño, Nuevos Ministerios-Ríos Rosas, Madrid",2.430€/mes,2,47,Planta 3ª exterior con ascensor,"Nuevos Ministerios-Ríos Rosas, Madrid"
"Estudio en Cuzco-Castillejos, Madrid",995€/mes,N/A,41,N/A,Madrid
"Piso en Calle de Edgar Neville, Cuatro Caminos, Madrid",2.405€/mes,2,110,Planta 3ª exterior con ascensor,"Cuatro Caminos, Madrid"
"Piso en Calle Bravo Murillo, 316, Cuzco-Castillejos, Madrid",1.050€/mes,1,54,Planta 2ª exterior con ascensor,"Cuzco-Castillejos, Madrid"
"Estudio en Calle de la Infanta Mercedes, 111, Cuzco-Castillejos, Madrid",1.100€/mes,N/A,35,Planta 4ª exterior con ascensor,"Cuzco-Castillejos, Madrid"
"Ático en Calle de Alonso Cano, Nuevos Ministerios-Ríos Rosas, Madrid",4.500€/mes,3,143,Planta 8ª exterior con ascensor,"Nuevos Ministerios-Ríos Rosas, Madrid"
"Piso en Calle de las Gardenias, Valdeacederas, Madrid",940€/mes,1,35,N/A,"Valdeacederas, Madrid"
"Dúplex en Calle Esperanza Sánchez Carrascosa, Valdeacederas, Madrid",1.900€/mes,2,120,Planta 3ª exterior con ascensor,"Valdeacederas, Madrid"
"Piso en Calle de José María de Castro, 9, Cuatro Caminos, Madrid",1.100€/mes,1,45,Planta 1ª exterior con ascensor,"Cuatro Caminos, Madrid"
"Piso en Calle de Berruguete, Berruguete, Madrid",1.700€/mes,2,50,Planta 1ª interior sin ascensor,"Berruguete, Madrid"
"Piso en Calle de Bellver, 3, Berruguete, Madrid",1.000€/mes,1,72,Planta 1ª exterior con ascensor,"Berruguete, Madrid"
"Piso en Calle de José Calvo, 1, Berruguete, Madrid",1.845€/mes,2,64,Planta 5ª exterior con ascensor,"Berruguete, Madrid"
"Ático en Calle Algodonales, 68, Berruguete, Madrid",1.100€/mes,1,50,Planta 3ª exterior sin ascensor,"Berruguete, Madrid"
"Piso en Berruguete, Madrid",1.200€/mes,1,35,N/A,Madrid
"Piso en Nuevos Ministerios-Ríos Rosas, Madrid",4.100€/mes,3,178,N/A,Madrid
"Piso en Calle de Raimundo Fernández Villaverde, 37, Cuatro Caminos, Madrid",1.525€/mes,2,52,Planta 1ª interior con ascensor,"Cuatro Caminos, Madrid"
"Piso en Calle de Molina, Ventilla-Almenara, Madrid",1.100€/mes,1,50,Planta 1ª exterior sin ascensor,"Ventilla-Almenara, Madrid"
"Piso en Avenida del General Perón, Cuatro Caminos, Madrid",2.900€/mes,4,203,Planta 1ª exterior con ascensor,"Cuatro Caminos, Madrid"
"Piso en Calle de huesca, 7, Cuzco-Castillejos, Madrid",1.650€/mes,2,70,Planta 2ª exterior sin ascensor,"Cuzco-Castillejos, Madrid"
"Piso en Calle de Jerónima Llorente, Bellas Vistas, Madrid",1.350€/mes,2,65,Planta 1ª exterior sin ascensor,"Bellas Vistas, Madrid"
"Piso en Calle de Bravo Murillo, 297, Valdeacederas, Madrid",2.500€/mes,3,104,Planta 6ª exterior con ascensor,"Valdeacederas, Madrid"
"Piso en Calle de Francos Rodríguez, 34, Berruguete, Madrid",1.900€/mes,2,75,Planta 2ª exterior con ascensor,"Berruguete, Madrid"
"Piso en Calle Tudelilla, Bellas Vistas, Madrid",1.850€/mes,3,87,Planta 5ª exterior con ascensor,"Bellas Vistas, Madrid"
"Piso en Calle tenerife, 6, Bellas Vistas, Madrid",1.400€/mes,2,50,Planta 3ª interior con ascensor,"Bellas Vistas, Madrid"
"Piso en Calle de Villaamil, Berruguete, Madrid",1.450€/mes,1,52,Planta 1ª interior con ascensor,"Berruguete, Madrid"
"Piso en Avenida de la Reina Victoria, Madrid, Vallehermoso, Madrid",2.200€/mes,3,100,Planta 7ª exterior con ascensor,"Madrid, Vallehermoso, Madrid"
"Piso en Calle Hermano Gárate, Cuzco-Castillejos, Madrid",1.500€/mes,1,45,Bajo exterior sin ascensor,"Cuzco-Castillejos, Madrid"
"Piso en Calle de Hernani, 15, Cuatro Caminos, Madrid",1.000€/mes,1,40,Planta 2ª exterior sin ascensor,"Cuatro Caminos, Madrid"
"Piso en Calle de Bruno Ayllón, Cuatro Caminos, Madrid",1.000€/mes,1,43,Planta 3ª interior con ascensor,"Cuatro Caminos, Madrid"
"Piso en Calle de Raimundo Fernández Villaverde, 43, Cuatro Caminos, Madrid",1.800€/mes,2,90,Planta 7ª interior con ascensor,"Cuatro Caminos, Madrid"
"Piso en Calle de Almansa, Ciudad Universitaria, Madrid",2.300€/mes,2,75,Planta 12ª exterior con ascensor,"Ciudad Universitaria, Madrid"
"Piso en Calle de la Infanta Mercedes, 95, Cuzco-Castillejos, Madrid",1.900€/mes,2,88,Planta 5ª exterior con ascensor,"Cuzco-Castillejos, Madrid"
"Piso en Calle de Raimundo Fernández Villaverde, Nuevos Ministerios-Ríos Rosas, Madrid",3.200€/mes,3,140,Planta 3ª exterior con ascensor,"Nuevos Ministerios-Ríos Rosas, Madrid"
"Estudio en Calle San Antonio, 8, Cuatro Caminos, Madrid",900€/mes,N/A,29,Planta 3ª interior sin ascensor,"Cuatro Caminos, Madrid"
"Piso en Calle de las Almortas, 40, Valdeacederas, Madrid",1.700€/mes,2,75,Planta 1ª interior sin ascensor,"Valdeacederas, Madrid"
"Dúplex en Calle de Ceuta, 31, Valdeacederas, Madrid",1.300€/mes,2,80,Planta 3ª exterior con ascensor,"Valdeacederas, Madrid"
"Piso en Calle de Guipúzcoa, 8, Cuatro Caminos, Madrid",1.400€/mes,1,53,Planta 1ª exterior sin ascensor,"Cuatro Caminos, Madrid"
"Piso en Calle de Bravo Murillo, 185, Bellas Vistas, Madrid",1.400€/mes,1,75,Planta 1ª exterior con ascensor,"Bellas Vistas, Madrid"
"Piso en Calle de Serrallo, 14, Berruguete, Madrid",980€/mes,1,55,Planta 1ª exterior sin ascensor,"Berruguete, Madrid"
"Piso en Calle de Lope de Haro, 9, Berruguete, Madrid",1.600€/mes,3,85,Planta 3ª exterior con ascensor,"Berruguete, Madrid"
"Piso en Calle de Raimundo Fernández Villaverde, Nuevos Ministerios-Ríos Rosas, Madrid",1.600€/mes,3,94,Planta 1ª exterior con ascensor,"Nuevos Ministerios-Ríos Rosas, Madrid"
"Piso en Calle de Bruno Ayllón, Cuatro Caminos, Madrid",1.000€/mes,1,39,N/A,"Cuatro Caminos, Madrid"
"Dúplex en Calle de Hernani, 30, Cuatro Caminos, Madrid",1.250€/mes,1,70,Bajo interior sin ascensor,"Cuatro Caminos, Madrid"
"Piso en Calle de San Raimundo, Bellas Vistas, Madrid",2.000€/mes,4,109,Planta 4ª exterior sin ascensor,"Bellas Vistas, Madrid"
"Piso en Calle Aranjuez, Bellas Vistas, Madrid",1.475€/mes,2,84,Planta 1ª exterior con ascensor,"Bellas Vistas, Madrid"
"Estudio en Calle de Tenerife, 25, Bellas Vistas, Madrid",1.050€/mes,N/A,30,Planta 3ª interior sin ascensor,"Bellas Vistas, Madrid"
"Piso en Calle de Olite, Bellas Vistas, Madrid",1.700€/mes,2,68,Planta 4ª exterior con ascensor,"Bellas Vistas, Madrid"
"Piso en Calle Tudelilla, 3, Bellas Vistas, Madrid",1.150€/mes,1,45,Bajo exterior con ascensor,"Bellas Vistas, Madrid"
"Ático en Calle de Francos Rodríguez, Bellas Vistas, Madrid",1.850€/mes,2,90,Planta 8ª exterior con ascensor,"Bellas Vistas, Madrid"
"Piso en Calle de la Coruña, Cuatro Caminos, Madrid",1.200€/mes,1,45,Bajo exterior sin ascensor,"Cuatro Caminos, Madrid"
"Piso en Bellas Vistas, Madrid",1.350€/mes,2,53,Planta 1ª exterior sin ascensor,Madrid
"Piso en Calle de Maudes, Nuevos Ministerios-Ríos Rosas, Madrid",5.850€/mes,3,192,Planta 2ª exterior con ascensor,"Nuevos Ministerios-Ríos Rosas, Madrid"
"Ático en Calle Francisca Conde, 3, Valdeacederas, Madrid",1.300€/mes,2,90,Planta 3ª exterior sin ascensor,"Valdeacederas, Madrid"
"Estudio en Calle del Marqués de Leis, 10, Cuzco-Castillejos, Madrid",1.100€/mes,N/A,42,Bajo interior sin ascensor,"Cuzco-Castillejos, Madrid"
"Piso en Calle del Aviador Zorita, Madrid, 6, Cuatro Caminos, Madrid",2.700€/mes,2,77,Planta 3ª interior con ascensor,"Madrid, Cuatro Caminos, Madrid"
"Piso en Calle de Alenza, Nuevos Ministerios-Ríos Rosas, Madrid",3.500€/mes,4,147,Planta 3ª exterior con ascensor,"Nuevos Ministerios-Ríos Rosas, Madrid"
"Piso en Edgar Neville, Cuatro Caminos, Madrid",5.535€/mes,4,180,Planta 1ª exterior con ascensor,"Cuatro Caminos, Madrid"
"Piso en Calle de Mariano Fernández, Berruguete, Madrid",1.640€/mes,1,55,Bajo exterior con ascensor,"Berruguete, Madrid"
"Piso en Calle del General Margallo, Cuzco-Castillejos, Madrid",2.430€/mes,2,57,Planta 5ª exterior con ascensor,"Cuzco-Castillejos, Madrid"
"Piso en Calle de Lérida, Cuatro Caminos, Madrid",3.375€/mes,3,120,Planta 4ª exterior con ascensor,"Cuatro Caminos, Madrid"
"Piso en Calle Marqués de Viana, 82, Valdeacederas, Madrid",1.762€/mes,3,88,Planta 19ª exterior con ascensor,"Valdeacederas, Madrid"
"Piso en Calle Marqués de Viana, 82, Valdeacederas, Madrid",1.801€/mes,3,95,Planta 21ª exterior con ascensor,"Valdeacederas, Madrid"
"Piso en Calle Marqués de Viana, 82, Valdeacederas, Madrid",1.590€/mes,3,85,Planta 1ª exterior con ascensor,"Valdeacederas, Madrid"
"Piso en Calle Marqués de Viana, 82, Valdeacederas, Madrid",1.702€/mes,3,91,Planta 15ª exterior con ascensor,"Valdeacederas, Madrid"
"Piso en Calle de Maudes, Nuevos Ministerios-Ríos Rosas, Madrid",1.800€/mes,2,100,N/A,"Nuevos Ministerios-Ríos Rosas, Madrid"
"Estudio en Calle de Müller, Valdeacederas, Madrid",1.025€/mes,N/A,34,Planta 1ª exterior con ascensor,"Valdeacederas, Madrid"
"Piso en Cuatro Caminos, Madrid",1.800€/mes,2,97,Planta 5ª exterior con ascensor,Madrid
"Piso en Calle de Tenerife, 60, Bellas Vistas, Madrid",3.260€/mes,2,60,Planta 2ª sin ascensor,"Bellas Vistas, Madrid"
"Piso en Calle de Julián Besteiro, Cuzco-Castillejos, Madrid",2.200€/mes,1,80,Planta 4ª exterior con ascensor,"Cuzco-Castillejos, Madrid"
"Piso en Calle del Marqués de Leis, 9, Cuzco-Castillejos, Madrid",1.750€/mes,1,38,Planta 2ª con ascensor,"Cuzco-Castillejos, Madrid"
"Piso en Calle de Sánchez Preciado, Valdezarza, Madrid",1.190€/mes,2,50,Planta 8ª exterior con ascensor,"Valdezarza, Madrid"
"Piso en Calle de Sor Ángela de la Cruz, Cuzco-Castillejos, Madrid",1.600€/mes,2,75,Planta 8ª exterior con ascensor,"Cuzco-Castillejos, Madrid"
"Piso en Calle de Orense, Cuzco-Castillejos, Madrid",2.365€/mes,2,100,Planta 3ª exterior con ascensor,"Cuzco-Castillejos, Madrid"
"Piso en Calle del General Margallo, Cuzco-Castillejos, Madrid",2.093€/mes,1,45,Planta 5ª exterior con ascensor,"Cuzco-Castillejos, Madrid"
"Piso en Calle de Martínez, Berruguete, Madrid",1.200€/mes,1,57,Planta 2ª exterior con ascensor,"Berruguete, Madrid"
"Piso en Calle de Martínez, Berruguete, Madrid",1.200€/mes,1,57,Planta 2ª exterior con ascensor,"Berruguete, Madrid"
"Piso en Calle de Martínez, Berruguete, Madrid",1.200€/mes,1,57,Planta 1ª exterior con ascensor,"Berruguete, Madrid"
"Piso en Calle de Martínez, Berruguete, Madrid",1.200€/mes,1,57,Planta 1ª exterior con ascensor,"Berruguete, Madrid"
"Estudio en Calle de Bravo Murillo, 104, Cuatro Caminos, Madrid",1.000€/mes,N/A,30,Planta 2ª interior sin ascensor,"Cuatro Caminos, Madrid"
"Estudio en Calle de Müller, Valdeacederas, Madrid",1.015€/mes,N/A,34,Planta 1ª interior con ascensor,"Valdeacederas, Madrid"
"Piso en Calle de Lérida, Cuatro Caminos, Madrid",1.800€/mes,2,94,Planta 1ª exterior con ascensor,"Cuatro Caminos, Madrid"
"Piso en Ciudad Universitaria, Madrid",2.150€/mes,3,131,Planta 1ª exterior con ascensor,Madrid
"Estudio en Avenida del Doctor Federico Rubio y Galí, 11, Bellas Vistas, Madrid",1.375€/mes,N/A,15,Planta 1ª sin ascensor,"Bellas Vistas, Madrid"
"Estudio en Avenida del Doctor Federico Rubio y Galí, 11, Bellas Vistas, Madrid",1.400€/mes,N/A,15,Planta 1ª sin ascensor,"Bellas Vistas, Madrid"
"Piso en Calle del Marqués de Leis, 10, Cuzco-Castillejos, Madrid",1.750€/mes,1,24,Planta 2ª con ascensor,"Cuzco-Castillejos, Madrid"
"Dúplex en Calle de la Infanta Mercedes, Cuzco-Castillejos, Madrid",2.500€/mes,3,130,Planta 7ª exterior con ascensor,"Cuzco-Castillejos, Madrid"
"Ático en Calle de Modesto Lafuente, Nuevos Ministerios-Ríos Rosas, Madrid",3.500€/mes,3,102,Planta 6ª exterior con ascensor,"Nuevos Ministerios-Ríos Rosas, Madrid"
"Piso en San Raimundo, Bellas Vistas, Madrid",950€/mes,1,43,Planta 1ª exterior sin ascensor,"Bellas Vistas, Madrid"
"Piso en Calle de Edgar Neville, Cuatro Caminos, Madrid",2.000€/mes,2,87,Planta 4ª interior con ascensor,"Cuatro Caminos, Madrid"
"Piso en Calle de María de Guzmán, Nuevos Ministerios-Ríos Rosas, Madrid",3.500€/mes,4,125,Planta 3ª exterior sin ascensor,"Nuevos Ministerios-Ríos Rosas, Madrid"
"Ático en Calle del Pensamiento, Cuzco-Castillejos, Madrid",2.400€/mes,3,121,Planta 4ª exterior con ascensor,"Cuzco-Castillejos, Madrid"
"Piso en Calle de Palencia, Cuatro Caminos, Madrid",2.500€/mes,4,132,Planta 4ª exterior con ascensor,"Cuatro Caminos, Madrid"
"Estudio en Calle del Arándano, 1, Valdeacederas, Madrid",1.500€/mes,N/A,20,N/A,"Valdeacederas, Madrid"
"Piso en Calle Herrera, s/n, Valdeacederas, Madrid",2.200€/mes,2,65,N/A,"s/n, Valdeacederas, Madrid"
"Piso en Calle de Olite, 17, Bellas Vistas, Madrid",1.250€/mes,2,40,N/A,"Bellas Vistas, Madrid"
"Piso en Calle Herrera, s/n, Valdeacederas, Madrid",2.400€/mes,3,65,N/A,"s/n, Valdeacederas, Madrid"
"Piso en Calle de Berruguete, s/n, Berruguete, Madrid",900€/mes,1,30,N/A,"s/n, Berruguete, Madrid"
"Ático en Calle de Sor Ángela de la Cruz, Cuzco-Castillejos, Madrid",2.500€/mes,2,87,Planta 7ª exterior con ascensor,"Cuzco-Castillejos, Madrid"
"Piso en Calle de Gonzalo Herrero, 13, Valdeacederas, Madrid",2.250€/mes,1,30,N/A,"Valdeacederas, Madrid"
"Piso en Calle de Mariano Fernández, Berruguete, Madrid",1.200€/mes,2,10,N/A,"Berruguete, Madrid"
"Piso en Calle de Modesto Lafuente, Nuevos Ministerios-Ríos Rosas, Madrid",3.600€/mes,4,165,Planta 6ª exterior con ascensor,"Nuevos Ministerios-Ríos Rosas, Madrid"
"Piso en Calle de Wad-Ras, Bellas Vistas, Madrid",1.600€/mes,2,88,Planta 1ª exterior con ascensor,"Bellas Vistas, Madrid"
"Piso en Calle de la Hierbabuena, 12, Berruguete, Madrid",1.250€/mes,1,65,Planta 2ª exterior con ascensor,"Berruguete, Madrid"
"Estudio en Avenida del Doctor Federico Rubio y Galí, 11, Bellas Vistas, Madrid",1.400€/mes,N/A,15,N/A,"Bellas Vistas, Madrid"
"Piso en Calle de José Francisco Iturzaeta e Izaguirre, Valdeacederas, Madrid",1.600€/mes,2,98,Planta 3ª exterior con ascensor,"Valdeacederas, Madrid"
"Ático en Calle del Aviador Zorita, Cuatro Caminos, Madrid",3.200€/mes,3,130,Planta 8ª exterior con ascensor,"Cuatro Caminos, Madrid"
"Piso en Vallehermoso, Madrid",3.500€/mes,4,130,Planta 3ª exterior con ascensor,Madrid
"Piso en Calle de Cuevas, Valdeacederas, Madrid",2.000€/mes,2,150,Planta 1ª exterior con ascensor,"Valdeacederas, Madrid"
"Piso en Calle de Bravo Murillo, Bellas Vistas, Madrid",1.500€/mes,1,29,Planta 2ª exterior con ascensor,"Bellas Vistas, Madrid"
"Piso en Calle de Olite, Bellas Vistas, Madrid",1.250€/mes,2,40,N/A,"Bellas Vistas, Madrid"
"Piso en de martinez, Valdezarza, Madrid",1.200€/mes,1,57,N/A,"Valdezarza, Madrid"
"Piso en Calle de Raimundo Fernández Villaverde, Cuatro Caminos, Madrid",3.975€/mes,3,130,Planta 6ª exterior con ascensor,"Cuatro Caminos, Madrid"
"Piso en Avenida de la Reina Victoria, Bellas Vistas, Madrid",5.300€/mes,4,192,Planta 2ª exterior con ascensor,"Bellas Vistas, Madrid"
"Piso en Calle Benjamín, Valdeacederas, Madrid",1.300€/mes,1,65,Planta 4ª exterior con ascensor,"Valdeacederas, Madrid"
"Piso en Nuevos Ministerios-Ríos Rosas, Madrid",3.600€/mes,5,183,Planta 6ª exterior con ascensor,Madrid
"Piso en Bellas Vistas, Madrid",5.300€/mes,4,290,Planta 2ª exterior con ascensor,Madrid
"Piso en Calle de Villaamil, Berruguete, Madrid",1.290€/mes,2,50,Planta 1ª exterior con ascensor,"Berruguete, Madrid"
"Dúplex en Avenida de la Reina Victoria, Bellas Vistas, Madrid",5.300€/mes,4,290,Planta 1ª exterior con ascensor,"Bellas Vistas, Madrid"
"Estudio en Avenida del Doctor Federico Rubio y Galí, 11, Bellas Vistas, Madrid",1.400€/mes,N/A,15,N/A,"Bellas Vistas, Madrid"
"Piso en Calle de la Coruña, Cuatro Caminos, Madrid",850€/mes,1,37,Planta 2ª interior con ascensor,"Cuatro Caminos, Madrid"
"Estudio en Avenida del Doctor Federico Rubio y Galí, 11, Bellas Vistas, Madrid",1.400€/mes,N/A,15,N/A,"Bellas Vistas, Madrid"
"Piso en Avenida de Pablo Iglesias, Vallehermoso, Madrid",2.400€/mes,2,85,Planta 7ª exterior con ascensor,"Vallehermoso, Madrid"
"Piso en Paseo de la Dirección, Berruguete, Madrid",1.700€/mes,2,70,Planta 7ª exterior con ascensor,"Berruguete, Madrid"
"Piso en Calle de Oviedo, Cuatro Caminos, Madrid",1.090€/mes,2,40,Planta 2ª exterior con ascensor,"Cuatro Caminos, Madrid"
"Piso en Calle de Numancia, Bellas Vistas, Madrid",1.600€/mes,3,120,Planta 6ª exterior con ascensor,"Bellas Vistas, Madrid"
"Piso en Calle de la Alfalfa, Valdeacederas, Madrid",2.336€/mes,1,62,Planta 5ª exterior con ascensor,"Valdeacederas, Madrid"
"Piso en Calle de la Orden, Cuatro Caminos, Madrid",1.500€/mes,3,83,Planta 1ª exterior sin ascensor,"Cuatro Caminos, Madrid"
"Ático en Calle de Rosario Romero, Ventilla-Almenara, Madrid",1.600€/mes,2,60,Planta 3ª exterior con ascensor,"Ventilla-Almenara, Madrid"
"Piso en Calle de la Alfalfa, Valdeacederas, Madrid",2.592€/mes,3,93,Planta 2ª exterior con ascensor,"Valdeacederas, Madrid"
"Piso en Cuatro Caminos, Madrid",1.550€/mes,1,80,Planta 1ª exterior con ascensor,Madrid
"Piso en Calle de la Infanta Mercedes, Cuzco-Castillejos, Madrid",1.950€/mes,3,106,Planta 1ª exterior con ascensor,"Cuzco-Castillejos, Madrid"
"Piso en Calle de María Ignacia, Bellas Vistas, Madrid",1.900€/mes,3,74,Planta 5ª exterior con ascensor,"Bellas Vistas, Madrid"
"Piso en Avenida de la Reina Victoria, Vallehermoso, Madrid",1.600€/mes,1,60,Planta 2ª exterior con ascensor,"Vallehermoso, Madrid"
"Estudio en Avenida del Doctor Federico Rubio y Galí, 11, Bellas Vistas, Madrid",1.400€/mes,N/A,15,N/A,"Bellas Vistas, Madrid"
"Dúplex en Calle Lino, 13, Cuzco-Castillejos, Madrid",1.350€/mes,1,75,Planta 1ª exterior con ascensor,"Cuzco-Castillejos, Madrid"
"Piso en Calle del Aviador Zorita, Cuatro Caminos, Madrid",1.800€/mes,2,97,Planta 5ª exterior con ascensor,"Cuatro Caminos, Madrid"
"Piso en Calle de Sor Ángela de la Cruz, Cuzco-Castillejos, Madrid",2.900€/mes,3,142,Planta 4ª exterior con ascensor,"Cuzco-Castillejos, Madrid"
"Estudio en Avenida del Doctor Federico Rubio y Galí, 11, Bellas Vistas, Madrid",1.400€/mes,N/A,15,N/A,"Bellas Vistas, Madrid"
"Piso en Valdezarza, Madrid",1.200€/mes,1,60,N/A,Madrid
"Piso en Valdezarza, Madrid",1.200€/mes,1,60,N/A,Madrid
"Piso en Valdezarza, Madrid",1.200€/mes,1,60,N/A,Madrid
"Piso en Ventilla-Almenara, Madrid",3.300€/mes,3,88,N/A,Madrid
"Piso en Calle de Lazaga, Cuzco-Castillejos, Madrid",2.600€/mes,4,10,N/A,"Cuzco-Castillejos, Madrid"
"Piso en Calle del Nenúfar, Berruguete, Madrid",2.700€/mes,4,110,Planta 2ª exterior sin ascensor,"Berruguete, Madrid"
"Estudio en Calle de Oviedo, Cuatro Caminos, Madrid",1.500€/mes,N/A,37,N/A,"Cuatro Caminos, Madrid"
"Piso en Calle de Raimundo Fernández Villaverde, 15, Cuatro Caminos, Madrid",2.000€/mes,2,75,Planta 5ª exterior con ascensor,"Cuatro Caminos, Madrid"
"Estudio en Calle de Gonzalo Herrero, 33, Valdeacederas, Madrid",900€/mes,N/A,22,Bajo interior sin ascensor,"Valdeacederas, Madrid"
"Estudio en Calle de Almansa, Bellas Vistas, Madrid",750€/mes,N/A,10,N/A,"Bellas Vistas, Madrid"
"Estudio en Calle de Francos Rodríguez, Berruguete, Madrid",825€/mes,N/A,30,Planta 2ª interior sin ascensor,"Berruguete, Madrid"
"Piso en Calle del General Margallo, Cuzco-Castillejos, Madrid",2.500€/mes,2,102,Planta 2ª exterior con ascensor,"Cuzco-Castillejos, Madrid"
"Piso en Calle de Raimundo Fernández Villaverde, Cuatro Caminos, Madrid",2.300€/mes,2,88,Planta 4ª exterior con ascensor,"Cuatro Caminos, Madrid"
"Piso en Calle de Modesto Lafuente, Nuevos Ministerios-Ríos Rosas, Madrid",3.600€/mes,5,183,Planta 6ª exterior con ascensor,"Nuevos Ministerios-Ríos Rosas, Madrid"
"Piso en Calle de Modesto Lafuente, Nuevos Ministerios-Ríos Rosas, Madrid",3.600€/mes,3,172,Planta 2ª exterior con ascensor,"Nuevos Ministerios-Ríos Rosas, Madrid"
"Ático en Calle de Asunción Castell, Cuatro Caminos, Madrid",2.060€/mes,1,62,Planta 3ª exterior con ascensor,"Cuatro Caminos, Madrid"
"Piso en Calle de Edgar Neville, Cuatro Caminos, Madrid",2.450€/mes,2,110,Planta 4ª exterior con ascensor,"Cuatro Caminos, Madrid"
"Piso en Avenida del Santo Ángel de la Guarda, Valdezarza, Madrid",1.550€/mes,2,70,Planta 5ª exterior con ascensor,"Valdezarza, Madrid"
"Piso en Calle de Robledo, Valdeacederas, Madrid",1.760€/mes,1,50,N/A,"Valdeacederas, Madrid"
"Estudio en Calle Pinos Alta, Ventilla-Almenara, Madrid",1.900€/mes,N/A,35,N/A,"Ventilla-Almenara, Madrid"
"Piso en Calle de Bravo Murillo, Valdeacederas, Madrid",3.300€/mes,3,75,Planta 2ª exterior sin ascensor,"Valdeacederas, Madrid"
"Piso en Calle Manchegos, Valdeacederas, Madrid",1.950€/mes,1,65,Planta 3ª exterior con ascensor,"Valdeacederas, Madrid"
"Piso en Calle de Jaén, Cuatro Caminos, Madrid",2.045€/mes,3,96,Planta 1ª exterior sin ascensor,"Cuatro Caminos, Madrid"
"Piso en Calle de Juan de Olías, Cuatro Caminos, Madrid",2.920€/mes,2,65,Planta 2ª exterior con ascensor,"Cuatro Caminos, Madrid"
"Piso en Calle de Sánchez Preciado, Valdezarza, Madrid",1.100€/mes,2,71,Planta 3ª exterior sin ascensor,"Valdezarza, Madrid"
"Piso en Calle de la Infanta Mercedes, Cuzco-Castillejos, Madrid",1.400€/mes,1,60,Planta 3ª exterior con ascensor,"Cuzco-Castillejos, Madrid"
"Estudio en Calle de Alvarado, Bellas Vistas, Madrid",1.000€/mes,N/A,41,Planta 1ª exterior con ascensor,"Bellas Vistas, Madrid"
"Piso en Calle de Aranjuez, Bellas Vistas, Madrid",1.265€/mes,2,54,Planta 3ª exterior con ascensor,"Bellas Vistas, Madrid"
"Ático en Calle del Pensamiento, Cuzco-Castillejos, Madrid",2.400€/mes,3,105,Planta 4ª exterior con ascensor,"Cuzco-Castillejos, Madrid"
"Piso en Calle Marqués de Viana, 101, Berruguete, Madrid",1.450€/mes,2,68,Planta 9ª exterior con ascensor,"Berruguete, Madrid"
"Piso en Valdeacederas, Madrid",1.800€/mes,2,80,Planta 1ª exterior sin ascensor,Madrid
"Piso en Calle de Tiziano, Cuatro Caminos, Madrid",2.100€/mes,3,120,Planta 2ª exterior con ascensor,"Cuatro Caminos, Madrid"
"Piso en Vallehermoso, Madrid",2.100€/mes,2,80,Planta 5ª exterior con ascensor,Madrid
"Piso en Calle de Juan de Olías, Cuatro Caminos, Madrid",1.395€/mes,2,45,Planta 3ª interior sin ascensor,"Cuatro Caminos, Madrid"
"Piso en Calle de los Artistas, Cuatro Caminos, Madrid",3.880€/mes,2,81,N/A,"Cuatro Caminos, Madrid"
"Piso en Calle de Maudes, Nuevos Ministerios-Ríos Rosas, Madrid",1.990€/mes,4,97,Planta 5ª exterior con ascensor,"Nuevos Ministerios-Ríos Rosas, Madrid"
"Estudio en Calle de Berruguete, Berruguete, Madrid",900€/mes,N/A,35,N/A,"Berruguete, Madrid"
"Piso en Calle de Berruguete, Berruguete, Madrid",1.950€/mes,1,34,Planta 2ª interior sin ascensor,"Berruguete, Madrid"
"Piso en Calle de Sor Ángela de la Cruz, Cuzco-Castillejos, Madrid",1.650€/mes,1,41,Planta 1ª exterior con ascensor,"Cuzco-Castillejos, Madrid"
"Piso en Calle de Dulcinea, Cuatro Caminos, Madrid",1.250€/mes,1,45,Bajo exterior sin ascensor,"Cuatro Caminos, Madrid"
"Piso en CL Aviador Zorita, Cuatro Caminos, Madrid",1.800€/mes,2,97,Planta 5ª exterior con ascensor,"Cuatro Caminos, Madrid"
"Piso en Calle de Dulcinea, Cuatro Caminos, Madrid",1.350€/mes,1,45,Bajo exterior sin ascensor,"Cuatro Caminos, Madrid"
"Piso en Calle de Orense, Cuzco-Castillejos, Madrid",2.250€/mes,2,87,Planta 9ª exterior con ascensor,"Cuzco-Castillejos, Madrid"
"Piso en Calle de Edgar Neville, Cuatro Caminos, Madrid",1.985€/mes,1,74,Planta 3ª interior con ascensor,"Cuatro Caminos, Madrid"
"Piso en Calle de María de Guzmán, Nuevos Ministerios-Ríos Rosas, Madrid",3.200€/mes,3,160,Planta 6ª exterior con ascensor,"Nuevos Ministerios-Ríos Rosas, Madrid"
"Piso en Calle Hermano Gárate, Cuzco-Castillejos, Madrid",1.805€/mes,2,77,Planta 3ª exterior con ascensor,"Cuzco-Castillejos, Madrid"
"Piso en Calle de Orense, Cuatro Caminos, Madrid",2.590€/mes,2,65,Planta 12ª exterior con ascensor,"Cuatro Caminos, Madrid"
"Piso en Calle de Edgar Neville, Cuatro Caminos, Madrid",2.840€/mes,2,101,Planta 4ª exterior con ascensor,"Cuatro Caminos, Madrid"
"Piso en Calle de Alonso Cano, Nuevos Ministerios-Ríos Rosas, Madrid",2.835€/mes,2,90,Planta 1ª exterior con ascensor,"Nuevos Ministerios-Ríos Rosas, Madrid"
"Piso en Calle de Edgar Neville, Cuatro Caminos, Madrid",2.440€/mes,2,101,Planta 6ª exterior con ascensor,"Cuatro Caminos, Madrid"
"Piso en Calle de Rosario Romero, Ventilla-Almenara, Madrid",1.500€/mes,2,60,Bajo exterior con ascensor,"Ventilla-Almenara, Madrid"
"Piso en Calle Pinos Alta, Ventilla-Almenara, Madrid",2.450€/mes,1,50,Planta 4ª exterior con ascensor,"Ventilla-Almenara, Madrid"
"Ático en Calle de Orense, Cuatro Caminos, Madrid",2.780€/mes,3,120,Planta 7ª exterior con ascensor,"Cuatro Caminos, Madrid"
"Piso en Calle de Edgar Neville, Cuatro Caminos, Madrid",2.920€/mes,2,110,Planta 5ª exterior con ascensor,"Cuatro Caminos, Madrid"
"Piso en Calle del Pensamiento, Cuzco-Castillejos, Madrid",3.425€/mes,3,147,Planta 2ª exterior con ascensor,"Cuzco-Castillejos, Madrid"
"Piso en Calle del Limonero, Cuzco-Castillejos, Madrid",2.100€/mes,2,60,Planta 4ª exterior con ascensor,"Cuzco-Castillejos, Madrid"
"Piso en Calle de la Alfalfa, Valdeacederas, Madrid",3.105€/mes,3,93,Planta 3ª exterior con ascensor,"Valdeacederas, Madrid"
"Piso en Calle del General Margallo, Cuzco-Castillejos, Madrid",2.565€/mes,2,57,Planta 6ª exterior con ascensor,"Cuzco-Castillejos, Madrid"
"Piso en Calle del General Margallo, Cuzco-Castillejos, Madrid",2.430€/mes,2,57,Planta 4ª exterior con ascensor,"Cuzco-Castillejos, Madrid"
"Piso en Calle del General Margallo, Cuzco-Castillejos, Madrid",2.889€/mes,2,64,Planta 3ª exterior con ascensor,"Cuzco-Castillejos, Madrid"
"Ático en Calle de Dulcinea, Cuatro Caminos, Madrid",2.160€/mes,1,68,Planta 3ª exterior con ascensor,"Cuatro Caminos, Madrid"
"Piso en Calle Sófora, Cuzco-Castillejos, Madrid",2.370€/mes,2,172,Planta 3ª exterior con ascensor,"Cuzco-Castillejos, Madrid"
"Piso en Calle del General Margallo, Cuzco-Castillejos, Madrid",3.687€/mes,2,57,Planta 3ª exterior con ascensor,"Cuzco-Castillejos, Madrid"
"Piso en Calle de Dulcinea, Cuatro Caminos, Madrid",1.400€/mes,1,50,Planta 4ª exterior con ascensor,"Cuatro Caminos, Madrid"
"Ático en Travesía María Zayas, Berruguete, Madrid",1.790€/mes,2,76,Planta 3ª exterior con ascensor,"Berruguete, Madrid"
"Piso en Calle del General Margallo, Cuzco-Castillejos, Madrid",2.295€/mes,1,45,Planta 3ª exterior con ascensor,"Cuzco-Castillejos, Madrid"
"Piso en Calle de la Alfalfa, Valdeacederas, Madrid",2.700€/mes,3,89,Planta 2ª exterior con ascensor,"Valdeacederas, Madrid"
"Piso en Calle del General Margallo, Cuzco-Castillejos, Madrid",2.430€/mes,1,45,Planta 6ª exterior con ascensor,"Cuzco-Castillejos, Madrid"
"Piso en Calle del General Margallo, Cuzco-Castillejos, Madrid",2.025€/mes,1,45,Planta 1ª exterior con ascensor,"Cuzco-Castillejos, Madrid"
"Piso en Calle de Orense, Cuzco-Castillejos, Madrid",1.700€/mes,1,90,Planta 3ª exterior con ascensor,"Cuzco-Castillejos, Madrid"
"Piso en Calle del General Margallo, Cuzco-Castillejos, Madrid",2.700€/mes,2,64,Planta 4ª exterior con ascensor,"Cuzco-Castillejos, Madrid"
"Piso en Calle del General Margallo, Cuzco-Castillejos, Madrid",2.610€/mes,2,64,Planta 1ª exterior con ascensor,"Cuzco-Castillejos, Madrid"
"Piso en Calle de Raimundo Fernández Villaverde, 39, Cuatro Caminos, Madrid",3.700€/mes,3,101,Planta 4ª exterior con ascensor,"Cuatro Caminos, Madrid"
"Piso en Calle salamanca, 20, Cuatro Caminos, Madrid",2.300€/mes,2,135,Planta 2ª exterior con ascensor,"Cuatro Caminos, Madrid"
"Piso en Calle de Salamanca, 20, Cuatro Caminos, Madrid",1.700€/mes,1,58,Planta 2ª exterior con ascensor,"Cuatro Caminos, Madrid"
"Piso en Calle del Capitán Blanco Argibay, 107, Valdeacederas, Madrid",1.200€/mes,1,60,Planta 3ª exterior con ascensor,"Valdeacederas, Madrid"
"Piso en Avenida del Doctor Federico Rubio y Galí, Bellas Vistas, Madrid",1.800€/mes,2,85,Planta 2ª exterior con ascensor,"Bellas Vistas, Madrid"
"Piso en Calle de Salamanca, 20, Cuatro Caminos, Madrid",1.750€/mes,1,55,Planta 2ª exterior con ascensor,"Cuatro Caminos, Madrid"
"Piso en Calle de Alvarado, Bellas Vistas, Madrid",1.875€/mes,3,100,Planta 3ª interior sin ascensor,"Bellas Vistas, Madrid"
"Piso en Calle del General Margallo, Cuzco-Castillejos, Madrid",1.750€/mes,2,80,Planta 4ª exterior con ascensor,"Cuzco-Castillejos, Madrid"
"Piso en Calle de Modesto Lafuente, Nuevos Ministerios-Ríos Rosas, Madrid",3.000€/mes,4,120,Planta 4ª exterior con ascensor,"Nuevos Ministerios-Ríos Rosas, Madrid"
"Dúplex en Calle de Dulcinea, 13, Cuatro Caminos, Madrid",1.600€/mes,2,66,N/A,"Cuatro Caminos, Madrid"
"Estudio en Calle de Bravo Murillo, 302, Cuzco-Castillejos, Madrid",1.380€/mes,N/A,40,N/A,"Cuzco-Castillejos, Madrid"
"Dúplex en Calle de las Matas, 13, Berruguete, Madrid",1.700€/mes,1,50,N/A,"Berruguete, Madrid"
"Dúplex en Calle de las Matas, 13, Berruguete, Madrid",1.700€/mes,1,50,Planta 1ª exterior con ascensor,"Berruguete, Madrid"
"Piso en Calle Santa Valentina, 28, Valdeacederas, Madrid",1.550€/mes,1,70,Planta 1ª interior sin ascensor,"Valdeacederas, Madrid"
"Dúplex en Calle de las Matas, 13, Berruguete, Madrid",1.700€/mes,1,50,Bajo exterior con ascensor,"Berruguete, Madrid"
"Piso en Calle del Aviador Zorita, Cuatro Caminos, Madrid",2.050€/mes,2,93,Planta 5ª exterior con ascensor,"Cuatro Caminos, Madrid"
"Piso en Calle de Juan Montalvo, Ciudad Universitaria, Madrid",4.000€/mes,5,150,Planta 2ª exterior con ascensor,"Ciudad Universitaria, Madrid"
"Dúplex en Calle de las Matas, 13, Berruguete, Madrid",1.700€/mes,1,50,Planta 1ª exterior con ascensor,"Berruguete, Madrid"
"Estudio en Calle de Bravo Murillo, Cuzco-Castillejos, Madrid",1.100€/mes,N/A,30,N/A,"Cuzco-Castillejos, Madrid"
"Piso en Calle Luis Portones, 1, Berruguete, Madrid",1.600€/mes,2,85,Planta 5ª exterior con ascensor,"Berruguete, Madrid"
"Piso en Calle de Carlos Latorre, Bellas Vistas, Madrid",1.300€/mes,1,43,N/A,"Bellas Vistas, Madrid"
"Piso en Calle Alonso Castrillo, Cuzco-Castillejos, Madrid",2.100€/mes,2,75,Planta 1ª exterior con ascensor,"Cuzco-Castillejos, Madrid"
"Estudio en Calle Istúriz, 14, Cuatro Caminos, Madrid",1.255€/mes,N/A,60,Bajo exterior sin ascensor,"Cuatro Caminos, Madrid"
"Piso en Calle de la Infanta Mercedes, 98, Cuzco-Castillejos, Madrid",1.540€/mes,2,77,Planta 13ª exterior con ascensor,"Cuzco-Castillejos, Madrid"
"Piso en Calle Esperanza Sánchez Carrascosa, Valdeacederas, Madrid",3.100€/mes,4,115,N/A,"Valdeacederas, Madrid"
"Estudio en Avenida de la Reina Victoria, Vallehermoso, Madrid",1.400€/mes,N/A,32,Planta 1ª exterior con ascensor,"Vallehermoso, Madrid"
"Piso en Calle de Teruel, 40, Cuatro Caminos, Madrid",1.385€/mes,1,35,Bajo interior sin ascensor,"Cuatro Caminos, Madrid"
"Piso en Calle Cuenca, 4, Cuatro Caminos, Madrid",950€/mes,1,30,Planta 3ª exterior sin ascensor,"Cuatro Caminos, Madrid"
"Piso en Calle de Don Quijote, 22, Cuatro Caminos, Madrid",1.400€/mes,1,50,Planta 1ª exterior sin ascensor,"Cuatro Caminos, Madrid"
"Piso en Calle Luis Missón, 5, Berruguete, Madrid",1.300€/mes,1,60,Planta 2ª exterior con ascensor,"Berruguete, Madrid"
"Estudio en Calle de Lérida, Cuzco-Castillejos, Madrid",1.300€/mes,N/A,35,N/A,"Cuzco-Castillejos, Madrid"
"Piso en Cuatro Caminos, Madrid",2.280€/mes,3,84,Bajo exterior con ascensor,Madrid
"Piso en Calle de Guipúzcoa, 12, Cuatro Caminos, Madrid",2.400€/mes,2,97,Planta 3ª exterior con ascensor,"Cuatro Caminos, Madrid"
"Estudio en Calle Don Quijote, s/n, Cuatro Caminos, Madrid",1.200€/mes,N/A,45,Planta 2ª interior sin ascensor,"s/n, Cuatro Caminos, Madrid"
"Piso en Calle de Lérida, 12, Cuatro Caminos, Madrid",1.700€/mes,2,73,Planta 3ª exterior sin ascensor,"Cuatro Caminos, Madrid"
"Piso en Calle de Ofelia Nieto, Berruguete, Madrid",1.700€/mes,3,90,Bajo interior con ascensor,"Berruguete, Madrid"
"Ático en Calle del Pensamiento, Cuzco-Castillejos, Madrid",2.400€/mes,3,106,Planta 4ª exterior con ascensor,"Cuzco-Castillejos, Madrid"
"Estudio en Calle de Bravo Murillo, 119, Bellas Vistas, Madrid",1.195€/mes,N/A,46,Planta 4ª exterior con ascensor,"Bellas Vistas, Madrid"
"Piso en Paseo de la Dirección, s/n, Valdeacederas, Madrid",2.090€/mes,1,61,Planta 7ª exterior con ascensor,"s/n, Valdeacederas, Madrid"
"Piso en Calle Pinos Alta, Ventilla-Almenara, Madrid",2.100€/mes,2,70,Bajo exterior con ascensor,"Ventilla-Almenara, Madrid"
"Piso en Calle Pinos Alta, Ventilla-Almenara, Madrid",2.300€/mes,2,65,Planta 3ª exterior con ascensor,"Ventilla-Almenara, Madrid"
"Piso en Avenida Doctor Federico Rubio y Gali, s/n, Bellas Vistas, Madrid",1.255€/mes,2,65,Planta 9ª exterior con ascensor,"s/n, Bellas Vistas, Madrid"
"Piso en Calle Pinos Alta, Ventilla-Almenara, Madrid",1.750€/mes,1,45,Planta 1ª exterior con ascensor,"Ventilla-Almenara, Madrid"
"Piso en Calle de Treviño, Nuevos Ministerios-Ríos Rosas, Madrid",1.395€/mes,1,39,Planta 2ª exterior con ascensor,"Nuevos Ministerios-Ríos Rosas, Madrid"
"Piso en Plaza de la Condesa de Gavia, Cuatro Caminos, Madrid",1.690€/mes,2,92,Planta 3ª exterior con ascensor,"Cuatro Caminos, Madrid"
"Piso en Calle Pinos Alta, 28029, Madrid, Ventilla-Almenara, Madrid",1.800€/mes,1,70,Planta 1ª exterior con ascensor,"Madrid, Ventilla-Almenara, Madrid"
"Piso en Calle de la Miosotis, Valdeacederas, Madrid",1.850€/mes,2,64,Planta 1ª exterior sin ascensor,"Valdeacederas, Madrid"
"Piso en Calle de Molina, Ventilla-Almenara, Madrid",1.290€/mes,2,50,Planta 2ª exterior sin ascensor,"Ventilla-Almenara, Madrid"
"Piso en Calle de Salamanca, Cuatro Caminos, Madrid",2.400€/mes,2,135,Planta 2ª exterior con ascensor,"Cuatro Caminos, Madrid"
"Piso en Calle de Bravo Murillo, Cuatro Caminos, Madrid",4.200€/mes,4,120,Planta 1ª exterior con ascensor,"Cuatro Caminos, Madrid"
"Estudio en Calle de Ceferino Rodríguez, Valdeacederas, Madrid",900€/mes,N/A,31,Bajo exterior sin ascensor,"Valdeacederas, Madrid"
"Piso en Calle del Aviador Zorita, 6, Cuatro Caminos, Madrid",1.400€/mes,2,72,Planta 4ª interior con ascensor,"Cuatro Caminos, Madrid"
"Piso en Calle de Sánchez Preciado, Valdezarza, Madrid",1.000€/mes,1,45,Bajo exterior con ascensor,"Valdezarza, Madrid"
"Piso en Calle de Teruel, 41, Cuatro Caminos, Madrid",1.450€/mes,2,60,Bajo exterior con ascensor,"Cuatro Caminos, Madrid"
"Piso en Calle del General Margallo, Cuzco-Castillejos, Madrid",2.175€/mes,3,10,N/A,"Cuzco-Castillejos, Madrid"
"Estudio en Calle de Raimundo Fernández Villaverde, 45, Cuatro Caminos, Madrid",1.100€/mes,N/A,20,Planta 1ª interior con ascensor,"Cuatro Caminos, Madrid"
"Piso en Topete, 14, Bellas Vistas, Madrid",1.400€/mes,1,40,Planta 3ª exterior con ascensor,"Bellas Vistas, Madrid"
"Piso en Calle de Pedro Barreda, 10, Bellas Vistas, Madrid",2.510€/mes,3,100,Planta 2ª exterior con ascensor,"Bellas Vistas, Madrid"
"Piso en CL Moguer, Ciudad Universitaria, Madrid",1.750€/mes,3,91,Planta 1ª exterior con ascensor,"Ciudad Universitaria, Madrid"
"Estudio en Calle Esperanza Sánchez Carrascosa, Valdeacederas, Madrid",1.050€/mes,N/A,45,Planta 1ª exterior con ascensor,"Valdeacederas, Madrid"
"Piso en Calle Baracaldo, Valdeacederas, Madrid",1.490€/mes,2,88,Planta 2ª exterior con ascensor,"Valdeacederas, Madrid"
"Piso en Calle de los Jaramagos, Valdeacederas, Madrid",1.150€/mes,2,50,Planta 1ª exterior sin ascensor,"Valdeacederas, Madrid"
"Piso en Calle de Molina, Ventilla-Almenara, Madrid",1.550€/mes,2,50,Planta 3ª exterior sin ascensor,"Ventilla-Almenara, Madrid"
"Estudio en Cuatro Caminos, Madrid",1.175€/mes,N/A,35,Planta 1ª exterior sin ascensor,Madrid
"Estudio en Calle de Ana María, Valdeacederas, Madrid",770€/mes,N/A,33,N/A,"Valdeacederas, Madrid"
"Piso en Calle de los Artistas, Cuatro Caminos, Madrid",1.335€/mes,1,40,Planta 1ª interior con ascensor,"Cuatro Caminos, Madrid"
"Piso en Calle de Montoya, Ventilla-Almenara, Madrid",850€/mes,1,40,Planta 2ª exterior sin ascensor,"Ventilla-Almenara, Madrid"
"Piso en Calle de Jaén, Cuatro Caminos, Madrid",2.600€/mes,4,143,Planta 7ª exterior con ascensor,"Cuatro Caminos, Madrid"
"Piso en Calle Topete, Bellas Vistas, Madrid",1.100€/mes,2,35,Planta 2ª exterior sin ascensor,"Bellas Vistas, Madrid"
"Piso en Calle del Poeta Joan Maragall, Cuzco-Castillejos, Madrid",1.700€/mes,3,88,Planta 15ª interior con ascensor,"Cuzco-Castillejos, Madrid"
"Piso en Callejón San Rafael, 7, Berruguete, Madrid",1.650€/mes,3,60,Planta 3ª exterior sin ascensor,"Berruguete, Madrid"
"Ático en CL Bravo Murillo, 120, Cuatro Caminos, Madrid",1.850€/mes,2,170,Planta 7ª exterior con ascensor,"Cuatro Caminos, Madrid"
"Estudio en Calle Hermano Gárate, Cuzco-Castillejos, Madrid",1.100€/mes,N/A,28,Bajo exterior sin ascensor,"Cuzco-Castillejos, Madrid"
"Piso en CL Salamanca, 24, Cuatro Caminos, Madrid",2.300€/mes,2,132,Planta 2ª exterior con ascensor,"Cuatro Caminos, Madrid"
"Piso en Calle de Almansa, 7, Bellas Vistas, Madrid",1.484€/mes,1,46,Planta 1ª exterior sin ascensor,"Bellas Vistas, Madrid"
"Dúplex en Calle de Hernani, Cuatro Caminos, Madrid",1.500€/mes,2,55,Bajo interior sin ascensor,"Cuatro Caminos, Madrid"
"Piso en Calle de Ofelia Nieto, Valdezarza, Madrid",1.550€/mes,2,67,Planta 2ª exterior,"Valdezarza, Madrid"
"Piso en Calle de Montoya, Ventilla-Almenara, Madrid",1.195€/mes,1,35,Planta 2ª exterior sin ascensor,"Ventilla-Almenara, Madrid"
"Piso en Calle de Carlos Rubio, Bellas Vistas, Madrid",1.735€/mes,2,60,Planta 3ª interior con ascensor,"Bellas Vistas, Madrid"
"Piso en Calle de Raimundo Fernández Villaverde, Nuevos Ministerios-Ríos Rosas, Madrid",3.000€/mes,3,152,Planta 6ª exterior con ascensor,"Nuevos Ministerios-Ríos Rosas, Madrid"
"Piso en Calle de los Artistas, Cuatro Caminos, Madrid",1.690€/mes,2,55,N/A,"Cuatro Caminos, Madrid"
"Piso en Calle Esperanza Sánchez Carrascosa, Valdeacederas, Madrid",1.440€/mes,2,80,Planta 1ª exterior con ascensor,"Valdeacederas, Madrid"
"Piso en Calle de Dulcinea, 65, Cuatro Caminos, Madrid",1.150€/mes,1,45,Planta 3ª interior con ascensor,"Cuatro Caminos, Madrid"
"Piso en Calle de la Alfalfa, Valdeacederas, Madrid",2.430€/mes,2,82,Bajo exterior con ascensor,"Valdeacederas, Madrid"
"Piso en Calle de Jaén, Cuatro Caminos, Madrid",1.900€/mes,3,85,Planta 2ª exterior con ascensor,"Cuatro Caminos, Madrid"
"Estudio en Calle de las Margaritas, Berruguete, Madrid",825€/mes,N/A,40,Bajo exterior sin ascensor,"Berruguete, Madrid"
"Piso en Calle de Montoya, Ventilla-Almenara, Madrid",1.290€/mes,1,40,Planta 2ª exterior sin ascensor,"Ventilla-Almenara, Madrid"
"Ático en Calle de Asunción Castell, 5, Cuatro Caminos, Madrid",1.600€/mes,2,85,Planta 5ª exterior con ascensor,"Cuatro Caminos, Madrid"
"Piso en Calle de Villaamil, Berruguete, Madrid",1.190€/mes,1,29,Planta 1ª interior con ascensor,"Berruguete, Madrid"
"Piso en Calle de los Bascones, Ventilla-Almenara, Madrid",1.200€/mes,2,80,Planta 1ª exterior con ascensor,"Ventilla-Almenara, Madrid"
"Estudio en Calle de Bravo Murillo, Cuzco-Castillejos, Madrid",1.425€/mes,N/A,25,Planta 2ª exterior con ascensor,"Cuzco-Castillejos, Madrid"
"Piso en Calle de Nuestra Señora del Carmen, Berruguete, Madrid",1.100€/mes,1,50,Bajo exterior con ascensor,"Berruguete, Madrid"
"Piso en Calle de Carlos Rubio, Bellas Vistas, Madrid",1.190€/mes,2,60,Planta 3ª interior con ascensor,"Bellas Vistas, Madrid"
"Piso en Calle de Juan del Risco, Berruguete, Madrid",1.650€/mes,3,88,Planta 2ª exterior con ascensor,"Berruguete, Madrid"
"Piso en Calle de las Matas, Berruguete, Madrid",1.650€/mes,1,44,Planta 2ª exterior con ascensor,"Berruguete, Madrid"
"Piso en Calle de Castilla, Bellas Vistas, Madrid",1.070€/mes,1,30,Planta 3ª interior sin ascensor,"Bellas Vistas, Madrid"
"Piso en Calle de la Alfalfa, Valdeacederas, Madrid",3.105€/mes,3,95,Planta 2ª exterior con ascensor,"Valdeacederas, Madrid"
"Piso en Calle Veza, 8, Valdeacederas, Madrid",1.100€/mes,1,43,Bajo exterior sin ascensor,"Valdeacederas, Madrid"
"Piso en Calle de la Alfalfa, Valdeacederas, Madrid",2.835€/mes,3,90,Planta 3ª exterior con ascensor,"Valdeacederas, Madrid"
"Ático en Calle Marques de Viana, 18, Valdeacederas, Madrid",1.600€/mes,2,90,Planta 6ª exterior con ascensor,"Valdeacederas, Madrid"
"Piso en Calle de Martínez, Berruguete, Madrid",1.100€/mes,1,54,Planta 2ª exterior con ascensor,"Berruguete, Madrid"
"Piso en Calle de Castilla, Bellas Vistas, Madrid",880€/mes,1,30,Planta 3ª interior sin ascensor,"Bellas Vistas, Madrid"
"Piso en Avila, Cuatro Caminos, Madrid",1.550€/mes,2,101,Planta 3ª exterior con ascensor,"Cuatro Caminos, Madrid"
"Piso en Paseo de la Dirección, 8, Berruguete, Madrid",1.090€/mes,1,52,Bajo interior sin ascensor,"Berruguete, Madrid"
"Piso en Calle de Jaén, Cuatro Caminos, Madrid",1.975€/mes,3,94,Planta 4ª exterior con ascensor,"Cuatro Caminos, Madrid"
"Piso en Ciudad Universitaria, Madrid",1.950€/mes,2,85,Planta 3ª exterior con ascensor,Madrid
"Piso en Calle de Juan del Risco, Berruguete, Madrid",1.650€/mes,3,88,Planta 2ª exterior con ascensor,"Berruguete, Madrid"
"Piso en Valdezarza, Madrid",1.695€/mes,3,71,Planta 3ª exterior sin ascensor,Madrid
"Piso en Calle Esperanza Sánchez Carrascosa, 38, Valdeacederas, Madrid",3.050€/mes,4,120,Planta 2ª exterior con ascensor,"Valdeacederas, Madrid"
"Piso en Nuevos Ministerios-Ríos Rosas, Madrid",2.400€/mes,3,90,Planta 4ª exterior con ascensor,Madrid
"Piso en Calle Santa Valentina, Valdeacederas, Madrid",1.450€/mes,1,70,Planta 1ª exterior sin ascensor,"Valdeacederas, Madrid"
"Piso en Calle de José Calvo, 1, Berruguete, Madrid",1.295€/mes,1,35,Bajo exterior con ascensor,"Berruguete, Madrid"
"Piso en Calle de Marcelina, Ventilla-Almenara, Madrid",1.600€/mes,3,70,Planta 2ª exterior con ascensor,"Ventilla-Almenara, Madrid"
"Piso en Calle de Edgar Neville, 7, Cuatro Caminos, Madrid",1.700€/mes,1,72,Planta 5ª exterior con ascensor,"Cuatro Caminos, Madrid"
"Piso en Calle San Enrique, Cuatro Caminos, Madrid",1.450€/mes,1,45,Planta 1ª exterior con ascensor,"Cuatro Caminos, Madrid"
"Estudio en Calle de San Enrique, Cuatro Caminos, Madrid",1.200€/mes,N/A,28,Planta 2ª exterior con ascensor,"Cuatro Caminos, Madrid"
"Piso en Calle de Fereluz, Valdeacederas, Madrid",1.400€/mes,2,78,Planta 1ª exterior sin ascensor,"Valdeacederas, Madrid"
"Piso en Calle de la Infanta Mercedes, 57, Cuzco-Castillejos, Madrid",2.100€/mes,2,120,N/A,"Cuzco-Castillejos, Madrid"
"Piso en Calle Veza, Valdeacederas, Madrid",1.500€/mes,2,65,Planta 2ª exterior sin ascensor,"Valdeacederas, Madrid"
"Piso en Calle de Fortunata y Jacinta, Cuatro Caminos, Madrid",4.700€/mes,4,173,Planta 2ª exterior con ascensor,"Cuatro Caminos, Madrid"
"Piso en Calle de Cuevas, Valdeacederas, Madrid",2.200€/mes,2,80,Planta 1ª exterior sin ascensor,"Valdeacederas, Madrid"
"Piso en Avenida del Doctor Federico Rubio y Galí, Bellas Vistas, Madrid",2.950€/mes,4,65,Planta 1ª exterior con ascensor,"Bellas Vistas, Madrid"
"Ático en Calle de los Algodonales, Berruguete, Madrid",1.390€/mes,1,88,Planta 3ª exterior con ascensor,"Berruguete, Madrid"
"Ático en Travesía los Nueve, Valdeacederas, Madrid",1.950€/mes,3,80,Planta 1ª exterior sin ascensor,"Valdeacederas, Madrid"
"Piso en Calle de Orense, Cuzco-Castillejos, Madrid",2.205€/mes,1,60,Planta 1ª exterior con ascensor,"Cuzco-Castillejos, Madrid"
"Piso en Calle de Juan de Olías, Cuatro Caminos, Madrid",1.250€/mes,1,40,Planta 1ª exterior con ascensor,"Cuatro Caminos, Madrid"
"Piso en Calle de Alonso Cano, Nuevos Ministerios-Ríos Rosas, Madrid",3.915€/mes,2,85,Planta 1ª exterior con ascensor,"Nuevos Ministerios-Ríos Rosas, Madrid"
"Piso en Paseo de la Dirección, Valdeacederas, Madrid",1.995€/mes,2,85,Planta 2ª exterior con ascensor,"Valdeacederas, Madrid"
"Piso en Calle del General Margallo, Cuzco-Castillejos, Madrid",2.565€/mes,2,57,Planta 1ª exterior con ascensor,"Cuzco-Castillejos, Madrid"
"Piso en Calle de Simancas, Ventilla-Almenara, Madrid",1.350€/mes,1,50,Planta 1ª exterior con ascensor,"Ventilla-Almenara, Madrid"
"Piso en Plaza de la Remonta, 2, Valdeacederas, Madrid",3.300€/mes,4,120,Planta 1ª exterior con ascensor,"Valdeacederas, Madrid"
"Piso en Avenida del Doctor Federico Rubio y Galí, Bellas Vistas, Madrid",2.100€/mes,3,70,Planta 1ª interior sin ascensor,"Bellas Vistas, Madrid"
"Piso en Calle de Pedro Barreda, Bellas Vistas, Madrid",2.100€/mes,2,80,Planta 2ª exterior con ascensor,"Bellas Vistas, Madrid"
"Piso en Calle Herrera, 2, Valdeacederas, Madrid",1.100€/mes,1,66,Planta 1ª exterior con ascensor,"Valdeacederas, Madrid"
"Estudio en Plaza Castilla, Ventilla-Almenara, Madrid",1.350€/mes,N/A,26,Planta 8ª exterior con ascensor,"Ventilla-Almenara, Madrid"
"Piso en Calle del General Cabrera, Cuatro Caminos, Madrid",2.600€/mes,4,145,Planta 2ª exterior con ascensor,"Cuatro Caminos, Madrid"
"Dúplex en Calle Tenerife, Bellas Vistas, Madrid",1.150€/mes,N/A,48,Bajo exterior con ascensor,"Bellas Vistas, Madrid"
"Piso en Calle de Raimundo Fernández Villaverde, Cuatro Caminos, Madrid",1.150€/mes,1,46,Planta 2ª interior con ascensor,"Cuatro Caminos, Madrid"
"Piso en Calle del Marqués de Viana, Berruguete, Madrid",1.300€/mes,1,62,Planta 3ª exterior con ascensor,"Berruguete, Madrid"
"Piso en Calle de la Infanta Mercedes, Cuzco-Castillejos, Madrid",2.100€/mes,2,120,N/A,"Cuzco-Castillejos, Madrid"
"Piso en Calle de Bravo Murillo, Cuzco-Castillejos, Madrid",2.300€/mes,3,130,Planta 2ª exterior con ascensor,"Cuzco-Castillejos, Madrid"
"Piso en Calle del Cactus, Berruguete, Madrid",1.300€/mes,2,64,Planta 1ª exterior con ascensor,"Berruguete, Madrid"
"Piso en Calle de Edgar Neville, Cuatro Caminos, Madrid",3.500€/mes,4,166,Planta 7ª exterior con ascensor,"Cuatro Caminos, Madrid"
"Piso en Calle del Poeta Joan Maragall, Cuzco-Castillejos, Madrid",1.650€/mes,2,80,Planta 5ª exterior con ascensor,"Cuzco-Castillejos, Madrid"
"Estudio en Calle de Oudrid, 21, Bellas Vistas, Madrid",1.500€/mes,N/A,60,Planta 1ª exterior con ascensor,"Bellas Vistas, Madrid"
"Estudio en Calle de Huesca, Cuzco-Castillejos, Madrid",850€/mes,N/A,17,Bajo exterior sin ascensor,"Cuzco-Castillejos, Madrid"
"Ático en Calle de Raimundo Fernández Villaverde, Cuatro Caminos, Madrid",2.550€/mes,3,105,Planta 4ª exterior con ascensor,"Cuatro Caminos, Madrid"
"Piso en Calle del Poeta Joan Maragall, Cuzco-Castillejos, Madrid",1.700€/mes,2,79,Planta 6ª exterior con ascensor,"Cuzco-Castillejos, Madrid"
"Piso en Calle del Pensamiento, Cuzco-Castillejos, Madrid",1.200€/mes,1,52,Planta 4ª exterior con ascensor,"Cuzco-Castillejos, Madrid"
"Piso en Paseo de la Dirección, Berruguete, Madrid",1.200€/mes,1,50,Planta 5ª exterior con ascensor,"Berruguete, Madrid"
"Piso en Calle de Cicerón, Cuatro Caminos, Madrid",2.200€/mes,2,10,N/A,"Cuatro Caminos, Madrid"
"Piso en Calle Topete, s/n, Bellas Vistas, Madrid",1.250€/mes,1,35,Planta 1ª interior sin ascensor,"s/n, Bellas Vistas, Madrid"
"Dúplex en Calle del Doctor Santero, Bellas Vistas, Madrid",1.050€/mes,N/A,30,Bajo interior sin ascensor,"Bellas Vistas, Madrid"
"Estudio en Calle Cuenca, 4, Cuatro Caminos, Madrid",1.175€/mes,N/A,35,Planta 1ª exterior sin ascensor,"Cuatro Caminos, Madrid"
"Estudio en Cuatro Caminos, Madrid",1.100€/mes,N/A,62,Bajo exterior sin ascensor,Madrid
"Piso en Calle de Salamanca, 24, Cuatro Caminos, Madrid",2.400€/mes,2,135,Planta 2ª exterior con ascensor,"Cuatro Caminos, Madrid"
"Piso en Calle de Sánchez Preciado, Valdezarza, Madrid",2.100€/mes,3,53,Planta 5ª exterior con ascensor,"Valdezarza, Madrid"
"Piso en Calle Tudelilla, Bellas Vistas, Madrid",1.850€/mes,4,87,Planta 5ª exterior con ascensor,"Bellas Vistas, Madrid"
"Piso en Calle de Bravo Murillo, Cuatro Caminos, Madrid",2.000€/mes,2,134,N/A,"Cuatro Caminos, Madrid"
"Piso en Calle Cantueso, Valdeacederas, Madrid",1.290€/mes,1,60,N/A,"Valdeacederas, Madrid"
"Piso en Calle de Tenerife, 60, Bellas Vistas, Madrid",3.300€/mes,2,60,Planta 2ª exterior con ascensor,"Bellas Vistas, Madrid"
"Ático en Calle del Pensamiento, Cuzco-Castillejos, Madrid",3.975€/mes,2,150,Planta 6ª exterior con ascensor,"Cuzco-Castillejos, Madrid"
"Piso en Avenida de Pablo Iglesias, Bellas Vistas, Madrid",1.400€/mes,2,57,Planta 5ª interior con ascensor,"Bellas Vistas, Madrid"
"Piso en Calle de Robledo, Valdeacederas, Madrid",2.010€/mes,2,80,Bajo exterior con ascensor,"Valdeacederas, Madrid"
"Piso en Avenida de Pablo Iglesias, Ciudad Universitaria, Madrid",1.550€/mes,2,88,Planta 2ª exterior con ascensor,"Ciudad Universitaria, Madrid"
"Estudio en Calle de Alvarado, 4, Bellas Vistas, Madrid",1.600€/mes,N/A,100,Bajo exterior con ascensor,"Bellas Vistas, Madrid"
"Piso en Calle de Teruel, 37, Cuatro Caminos, Madrid",1.850€/mes,2,86,Planta 1ª interior con ascensor,"Cuatro Caminos, Madrid"
"Piso en Calle de la Hierbabuena, 21, Berruguete, Madrid",1.950€/mes,2,85,Planta 3ª exterior con ascensor,"Berruguete, Madrid"
"Piso en Calle de Almansa, 39, Bellas Vistas, Madrid",1.750€/mes,3,80,Planta 2ª exterior con ascensor,"Bellas Vistas, Madrid"
"Piso en Calle de Bravo Murillo, Cuatro Caminos, Madrid",1.800€/mes,2,92,Planta 6ª exterior con ascensor,"Cuatro Caminos, Madrid"
"Dúplex en Calle Amalia, 9, Cuzco-Castillejos, Madrid",1.650€/mes,2,90,Planta 3ª exterior con ascensor,"Cuzco-Castillejos, Madrid"
"Piso en Calle de Olite, 32, Bellas Vistas, Madrid",1.300€/mes,1,65,N/A,"Bellas Vistas, Madrid"
"Piso en Calle del Aviador Zorita, Cuatro Caminos, Madrid",1.500€/mes,1,58,Planta 3ª exterior con ascensor,"Cuatro Caminos, Madrid"
"Piso en Calle de Bravo Murillo, Berruguete, Madrid",995€/mes,1,40,Planta 1ª exterior con ascensor,"Berruguete, Madrid"
"Piso en Calle de Bravo Murillo, Bellas Vistas, Madrid",1.710€/mes,1,40,Planta 5ª exterior con ascensor,"Bellas Vistas, Madrid"
"Estudio en Calle del Limonero, Cuzco-Castillejos, Madrid",1.500€/mes,N/A,45,Planta 2ª exterior con ascensor,"Cuzco-Castillejos, Madrid"
"Piso en Miosotis, Valdeacederas, Madrid",1.400€/mes,1,62,Planta 2ª exterior con ascensor,"Valdeacederas, Madrid"
"Estudio en Calle del Divino Redentor, Valdeacederas, Madrid",1.075€/mes,N/A,42,Planta 2ª exterior con ascensor,"Valdeacederas, Madrid"
"Estudio en Calle de Teruel, Cuatro Caminos, Madrid",1.700€/mes,N/A,40,Planta 3ª exterior con ascensor,"Cuatro Caminos, Madrid"
"Piso en Calle del Limonero, Cuzco-Castillejos, Madrid",2.100€/mes,1,60,Bajo exterior con ascensor,"Cuzco-Castillejos, Madrid"
"Ático en Calle de Teruel, Cuatro Caminos, Madrid",2.000€/mes,N/A,45,Planta 4ª exterior con ascensor,"Cuatro Caminos, Madrid"
"Piso en Calle del Limonero, Cuzco-Castillejos, Madrid",2.150€/mes,1,85,Planta 2ª exterior con ascensor,"Cuzco-Castillejos, Madrid"
"Piso en Calle de Bravo Murillo, Bellas Vistas, Madrid",2.250€/mes,2,48,Planta 5ª exterior con ascensor,"Bellas Vistas, Madrid"
"Ático en Calle del Limonero, Cuzco-Castillejos, Madrid",2.000€/mes,N/A,60,Planta 3ª exterior con ascensor,"Cuzco-Castillejos, Madrid"
"Piso en Calle del Limonero, Cuzco-Castillejos, Madrid",2.100€/mes,1,60,Planta 2ª exterior con ascensor,"Cuzco-Castillejos, Madrid"
"Ático en Calle del Limonero, Cuzco-Castillejos, Madrid",2.200€/mes,1,70,Planta 3ª exterior con ascensor,"Cuzco-Castillejos, Madrid"
"Piso en Calle de Tablada, 19, Berruguete, Madrid",1.350€/mes,1,62,Planta 2ª exterior con ascensor,"Berruguete, Madrid"
"Piso en Calle Pinos Alta, Ventilla-Almenara, Madrid",2.100€/mes,2,65,Bajo exterior con ascensor,"Ventilla-Almenara, Madrid"
"Piso en Calle de Fortunata y Jacinta, Cuatro Caminos, Madrid",4.995€/mes,3,175,Planta 1ª exterior con ascensor,"Cuatro Caminos, Madrid"
"Estudio en Calle de Teruel, Cuatro Caminos, Madrid",1.700€/mes,N/A,40,Planta 3ª exterior con ascensor,"Cuatro Caminos, Madrid"
"Piso en Calle de San Antonio, Cuatro Caminos, Madrid",1.500€/mes,3,62,Planta 2ª exterior sin ascensor,"Cuatro Caminos, Madrid"
"Piso en Calle del Arroyo, 5, Valdeacederas, Madrid",1.550€/mes,2,45,Bajo exterior sin ascensor,"Valdeacederas, Madrid"
"Piso en Calle de Rosario Pino, Cuzco-Castillejos, Madrid",2.900€/mes,4,194,Planta 10ª exterior con ascensor,"Cuzco-Castillejos, Madrid"
"Piso en Calle de Lérida, Cuatro Caminos, Madrid",2.245€/mes,2,51,Planta 4ª interior con ascensor,"Cuatro Caminos, Madrid"
"Estudio en Calle del General Margallo, 14, Cuzco-Castillejos, Madrid",1.200€/mes,N/A,41,Planta 5ª exterior con ascensor,"Cuzco-Castillejos, Madrid"
"Piso en Calle de Santa Engracia, Nuevos Ministerios-Ríos Rosas, Madrid",2.200€/mes,2,90,Planta 4ª exterior con ascensor,"Nuevos Ministerios-Ríos Rosas, Madrid"
"Piso en Calle de Francos Rodríguez, Berruguete, Madrid",2.400€/mes,3,100,Planta 2ª exterior con ascensor,"Berruguete, Madrid"
"Ático en Calle del Pensamiento, 5, Cuzco-Castillejos, Madrid",2.400€/mes,3,106,Planta 4ª exterior con ascensor,"Cuzco-Castillejos, Madrid"
"Piso en CL Hernani, Cuatro Caminos, Madrid",2.100€/mes,2,92,Planta 3ª exterior con ascensor,"Cuatro Caminos, Madrid"
"Piso en Calle de la Infanta Mercedes, 57, Cuzco-Castillejos, Madrid",2.200€/mes,2,120,N/A,"Cuzco-Castillejos, Madrid"
"Piso en Calle de Sor Ángela de la Cruz, Cuzco-Castillejos, Madrid",1.600€/mes,2,65,Planta 7ª exterior con ascensor,"Cuzco-Castillejos, Madrid"
"Piso en Calle de Almansa, 88, Bellas Vistas, Madrid",2.300€/mes,2,75,Planta 12ª exterior con ascensor,"Bellas Vistas, Madrid"
"Piso en Nuevos Ministerios-Ríos Rosas, Madrid",2.950€/mes,2,136,Planta 6ª exterior con ascensor,Madrid
"Piso en Calle de la Infanta Mercedes, 62, Cuzco-Castillejos, Madrid",1.290€/mes,1,45,Planta 2ª exterior con ascensor,"Cuzco-Castillejos, Madrid"
"Piso en Calle Sófora, 21, Cuzco-Castillejos, Madrid",1.850€/mes,3,132,Planta 3ª exterior sin ascensor,"Cuzco-Castillejos, Madrid"
"Piso en Cuatro Caminos, Madrid",2.045€/mes,3,76,Planta 1ª exterior con ascensor,Madrid
"Ático en Valdeacederas, Madrid",1.500€/mes,2,100,Planta 3ª exterior con ascensor,Madrid
"Piso en Cuatro Caminos, Madrid",1.100€/mes,1,46,Planta 4ª exterior con ascensor,Madrid
"Piso en Calle de Luis Portones, 17, Berruguete, Madrid",1.100€/mes,1,60,Planta 2ª exterior con ascensor,"Berruguete, Madrid"
"Piso en Paseo de la Dirección, 28, Berruguete, Madrid",1.000€/mes,1,56,Planta 1ª interior sin ascensor,"Berruguete, Madrid"
"Piso en Calle del Arroyo, Valdeacederas, Madrid",1.300€/mes,2,66,Planta 2ª exterior con ascensor,"Valdeacederas, Madrid"
"Piso en Calle de Sor Ángela de la Cruz, Cuzco-Castillejos, Madrid",1.500€/mes,1,55,Planta 5ª exterior con ascensor,"Cuzco-Castillejos, Madrid"
"Dúplex en Calle de Beire, Bellas Vistas, Madrid",1.400€/mes,2,60,Bajo exterior con ascensor,"Bellas Vistas, Madrid"
"Piso en Calle pedro villar, Cuzco-Castillejos, Madrid",1.100€/mes,1,45,Planta 2ª interior con ascensor,"Cuzco-Castillejos, Madrid"
"Piso en Cuatro Caminos, Madrid",1.845€/mes,3,75,Planta 2ª exterior sin ascensor,Madrid
"Piso en Calle de Joaquín Arjona, Bellas Vistas, Madrid",850€/mes,1,30,Planta 2ª interior sin ascensor,"Bellas Vistas, Madrid"
"Dúplex en Calle de la Coruña, Cuatro Caminos, Madrid",1.700€/mes,2,67,Planta 3ª exterior con ascensor,"Cuatro Caminos, Madrid"
"Dúplex en Calle de Hernani, 10, Cuatro Caminos, Madrid",1.500€/mes,2,55,N/A,"Cuatro Caminos, Madrid"
"Estudio en Calle García Cea, Valdeacederas, Madrid",1.200€/mes,N/A,31,Bajo exterior sin ascensor,"Valdeacederas, Madrid"
"Piso en francos rodriguez, Berruguete, Madrid",900€/mes,2,45,Planta 1ª interior sin ascensor,"Berruguete, Madrid"
"Piso en Calle de Dulcinea, 53, Cuatro Caminos, Madrid",1.700€/mes,3,110,Planta 1ª interior con ascensor,"Cuatro Caminos, Madrid"
"Piso en Calle Araucaria, Berruguete, Madrid",1.450€/mes,1,50,Bajo exterior sin ascensor,"Berruguete, Madrid"
"Piso en Calle de Palencia, Cuatro Caminos, Madrid",1.600€/mes,3,64,Planta 3ª exterior con ascensor,"Cuatro Caminos, Madrid"
"Piso en Calle de Martínez, 7, Berruguete, Madrid",1.150€/mes,1,35,Planta 2ª exterior con ascensor,"Berruguete, Madrid"
"Piso en Calle de Orense, Cuzco-Castillejos, Madrid",2.600€/mes,3,139,Planta 6ª exterior con ascensor,"Cuzco-Castillejos, Madrid"
"Piso en Calle de Ponzano, Nuevos Ministerios-Ríos Rosas, Madrid",2.565€/mes,1,60,Planta 2ª exterior con ascensor,"Nuevos Ministerios-Ríos Rosas, Madrid"
"Piso en Calle del Limonero, Cuzco-Castillejos, Madrid",2.200€/mes,1,45,Planta 1ª exterior con ascensor,"Cuzco-Castillejos, Madrid"
"Piso en Calle Rosa Menéndez, Berruguete, Madrid",990€/mes,1,37,Planta 2ª exterior con ascensor,"Berruguete, Madrid"
"Piso en Calle de Aravaca, Ciudad Universitaria, Madrid",2.200€/mes,3,135,Planta 5ª exterior con ascensor,"Ciudad Universitaria, Madrid"
"Piso en Avenida del Presidente Carmona, Cuatro Caminos, Madrid",2.100€/mes,3,97,Bajo exterior con ascensor,"Cuatro Caminos, Madrid"
"Estudio en Calle Ceferino Rodríguez, Valdeacederas, Madrid",1.200€/mes,N/A,50,Bajo exterior con ascensor,"Valdeacederas, Madrid"
"Estudio en Calle de Dulcinea, Cuatro Caminos, Madrid",1.500€/mes,N/A,45,Planta 1ª exterior con ascensor,"Cuatro Caminos, Madrid"
"Piso en Calle de la Infanta Mercedes, Cuzco-Castillejos, Madrid",1.250€/mes,1,52,Planta 4ª exterior con ascensor,"Cuzco-Castillejos, Madrid"
"Piso en Calle de Raimundo Fernández Villaverde, Cuatro Caminos, Madrid",1.800€/mes,2,90,Planta 2ª exterior con ascensor,"Cuatro Caminos, Madrid"
"Ático en Calle de Cicerón, Cuatro Caminos, Madrid",1.400€/mes,1,65,Planta 3ª exterior con ascensor,"Cuatro Caminos, Madrid"
"Ático en Calle Alonso Castrillo, Cuzco-Castillejos, Madrid",1.350€/mes,1,55,Planta 3ª exterior con ascensor,"Cuzco-Castillejos, Madrid"
"Piso en Calle de Almansa, Bellas Vistas, Madrid",1.750€/mes,2,52,Bajo exterior sin ascensor,"Bellas Vistas, Madrid"
"Piso en Calle de Bravo Murillo, Cuzco-Castillejos, Madrid",1.950€/mes,3,85,Planta 1ª exterior con ascensor,"Cuzco-Castillejos, Madrid"
"Estudio en Calle de Sor Ángela de la Cruz, Cuzco-Castillejos, Madrid",1.290€/mes,N/A,50,Planta 5ª exterior con ascensor,"Cuzco-Castillejos, Madrid"
"Piso en Calle de Bravo Murillo, Bellas Vistas, Madrid",1.490€/mes,2,70,Planta 6ª exterior con ascensor,"Bellas Vistas, Madrid"
"Piso en Calle de Juan del Risco, Berruguete, Madrid",1.100€/mes,2,45,Bajo interior sin ascensor,"Berruguete, Madrid"
"Dúplex en Calle de almansa, Bellas Vistas, Madrid",1.900€/mes,3,90,Planta 3ª exterior con ascensor,"Bellas Vistas, Madrid"
"Ático en Calle del Pensamiento, Cuzco-Castillejos, Madrid",2.400€/mes,3,106,Planta 4ª exterior con ascensor,"Cuzco-Castillejos, Madrid"
"Piso en Carnicer, Bellas Vistas, Madrid",1.195€/mes,1,24,Planta 3ª interior con ascensor,"Bellas Vistas, Madrid"
"Piso en Calle de Don Álvaro de Bazán, Nuevos Ministerios-Ríos Rosas, Madrid",2.385€/mes,2,136,Planta 6ª exterior con ascensor,"Nuevos Ministerios-Ríos Rosas, Madrid"
"Piso en Calle de San Antonio, Cuatro Caminos, Madrid",1.600€/mes,2,95,Planta 4ª exterior con ascensor,"Cuatro Caminos, Madrid"
"Piso en Calle Barón del Castillo de Chirel, Berruguete, Madrid",1.700€/mes,3,95,Planta 2ª exterior con ascensor,"Berruguete, Madrid"
"Piso en Calle de Edgar Neville, Cuatro Caminos, Madrid",1.950€/mes,2,69,Planta 7ª interior con ascensor,"Cuatro Caminos, Madrid"
"Piso en Calle de Hernani, s/n, Cuatro Caminos, Madrid",1.500€/mes,1,35,Planta 2ª interior sin ascensor,"s/n, Cuatro Caminos, Madrid"
"Piso en Avenida del General Perón, Cuatro Caminos, Madrid",1.600€/mes,1,55,Planta 9ª exterior con ascensor,"Cuatro Caminos, Madrid"
"Estudio en Calle de Bravo Murillo, 147, Bellas Vistas, Madrid",1.410€/mes,N/A,40,Planta 3ª exterior con ascensor,"Bellas Vistas, Madrid"
"Piso en Calle de Torrijos, 20, Valdeacederas, Madrid",1.600€/mes,2,75,Planta 1ª exterior con ascensor,"Valdeacederas, Madrid"
"Piso en Calle de Castillo Piñeiro, 4, Bellas Vistas, Madrid",1.900€/mes,3,89,Planta 1ª exterior sin ascensor,"Bellas Vistas, Madrid"
"Estudio en Calle de Juan de Olías, 45, Cuatro Caminos, Madrid",1.950€/mes,N/A,45,Bajo exterior sin ascensor,"Cuatro Caminos, Madrid"
"Piso en Calle de Raimundo Fernández Villaverde, Cuatro Caminos, Madrid",3.600€/mes,4,100,Bajo interior con ascensor,"Cuatro Caminos, Madrid"
"Estudio en Calle Manchegos, 16, Valdeacederas, Madrid",1.500€/mes,N/A,38,Planta 2ª exterior con ascensor,"Valdeacederas, Madrid"
"Ático en Calle de Alvarado, Bellas Vistas, Madrid",1.200€/mes,1,60,Planta 4ª exterior con ascensor,"Bellas Vistas, Madrid"
"Piso en Calle Hermano Gárate, Cuzco-Castillejos, Madrid",4.100€/mes,4,240,Planta 1ª exterior con ascensor,"Cuzco-Castillejos, Madrid"
"Piso en Calle de Orense, Cuzco-Castillejos, Madrid",3.000€/mes,1,90,Planta 4ª exterior con ascensor,"Cuzco-Castillejos, Madrid"
"Piso en Calle de Bravo Murillo, 189, Bellas Vistas, Madrid",1.300€/mes,2,65,Planta 6ª interior con ascensor,"Bellas Vistas, Madrid"
"Ático en Calle Guindos, 36, Valdeacederas, Madrid",1.250€/mes,1,60,Planta 3ª exterior con ascensor,"Valdeacederas, Madrid"
"Piso en Calle de Bravo Murillo, Vallehermoso, Madrid",2.600€/mes,4,90,Planta 5ª exterior con ascensor,"Vallehermoso, Madrid"
"Ático en Calle de Juan Montalvo, Ciudad Universitaria, Madrid",1.300€/mes,1,50,Planta 4ª exterior con ascensor,"Ciudad Universitaria, Madrid"
"Piso en Avenida de la Reina Victoria, Vallehermoso, Madrid",1.600€/mes,1,65,Planta 2ª exterior con ascensor,"Vallehermoso, Madrid"
"Piso en Calle de Bellver, 10, Berruguete, Madrid",1.950€/mes,2,102,Planta 1ª exterior con ascensor,"Berruguete, Madrid"
"Piso en Calle de María Ignacia, Bellas Vistas, Madrid",1.430€/mes,2,89,Planta 4ª exterior con ascensor,"Bellas Vistas, Madrid"
"Piso en Calle de las Clavelinas, Valdeacederas, Madrid",900€/mes,1,60,Planta 2ª exterior sin ascensor,"Valdeacederas, Madrid"
"Piso en Calle de Lope de Haro, Berruguete, Madrid",1.700€/mes,2,77,Planta 4ª exterior con ascensor,"Berruguete, Madrid"
"Piso en Calle de Oudrid, Bellas Vistas, Madrid",1.050€/mes,1,45,Planta 2ª interior con ascensor,"Bellas Vistas, Madrid"
"Piso en Calle de Simancas, Ventilla-Almenara, Madrid",1.550€/mes,1,65,Bajo exterior sin ascensor,"Ventilla-Almenara, Madrid"
"Piso en Calle de Salamanca, Cuatro Caminos, Madrid",2.300€/mes,2,80,Planta 2ª exterior con ascensor,"Cuatro Caminos, Madrid"
"Piso en Calle de Dulcinea, Cuatro Caminos, Madrid",1.850€/mes,3,104,Planta 4ª exterior con ascensor,"Cuatro Caminos, Madrid"
"Piso en Calle Otamendi, Bellas Vistas, Madrid",1.380€/mes,2,77,Planta 4ª exterior con ascensor,"Bellas Vistas, Madrid"
"Piso en CL Reina Mercedes, Cuatro Caminos, Madrid",1.800€/mes,3,90,Planta 5ª exterior con ascensor,"Cuatro Caminos, Madrid"
"Piso en Calle del Roble, Cuzco-Castillejos, Madrid",2.500€/mes,1,50,Planta 1ª interior con ascensor,"Cuzco-Castillejos, Madrid"
"Dúplex en Bellas Vistas, Madrid",1.700€/mes,2,60,Bajo exterior sin ascensor,Madrid
"Piso en Calle de Bravo Murillo, Bellas Vistas, Madrid",1.500€/mes,1,42,Planta 3ª exterior con ascensor,"Bellas Vistas, Madrid"
"Estudio en Calle de la Alfalfa, Valdeacederas, Madrid",1.900€/mes,N/A,30,Bajo exterior sin ascensor,"Valdeacederas, Madrid"
"Piso en Bellas Vistas, Madrid",2.450€/mes,3,90,Planta 3ª exterior sin ascensor,Madrid
"Piso en Nuevos Ministerios-Ríos Rosas, Madrid",1.300€/mes,1,48,Planta 1ª exterior con ascensor,Madrid
"Estudio en Calle de Huesca, 27, Cuzco-Castillejos, Madrid",980€/mes,N/A,35,Planta 5ª interior con ascensor,"Cuzco-Castillejos, Madrid"
"Estudio en Calle de Lazaga, Cuzco-Castillejos, Madrid",950€/mes,N/A,30,Planta 1ª interior con ascensor,"Cuzco-Castillejos, Madrid"
"Piso en Calle Bravo Murillo, Bellas Vistas, Madrid",1.200€/mes,1,60,Bajo interior sin ascensor,"Bellas Vistas, Madrid"
"Estudio en Calle de Bravo Murillo, Bellas Vistas, Madrid",1.410€/mes,N/A,35,Planta 2ª exterior con ascensor,"Bellas Vistas, Madrid"
"Piso en Calle de Sor Ángela de la Cruz, Cuzco-Castillejos, Madrid",1.500€/mes,2,67,Planta 8ª exterior con ascensor,"Cuzco-Castillejos, Madrid"
"Piso en Calle Jeronima Llorente, 7, Bellas Vistas, Madrid",950€/mes,1,47,Planta 3ª exterior con ascensor,"Bellas Vistas, Madrid"
"Ático en Calle de Fereluz, Valdeacederas, Madrid",1.290€/mes,1,75,Planta 3ª exterior con ascensor,"Valdeacederas, Madrid"
"Piso en Avenida de Pablo Iglesias, 25, Ciudad Universitaria, Madrid",1.400€/mes,2,80,Bajo exterior con ascensor,"Ciudad Universitaria, Madrid"
"Piso en Calle de Tablada, Berruguete, Madrid",1.100€/mes,1,40,Planta 2ª exterior sin ascensor,"Berruguete, Madrid"
"Ático en Calle María Pedraza, 28, Bellas Vistas, Madrid",1.550€/mes,2,77,Planta 3ª exterior con ascensor,"Bellas Vistas, Madrid"
"Ático en Calle de Robledo, Valdeacederas, Madrid",2.200€/mes,2,80,Planta 3ª exterior con ascensor,"Valdeacederas, Madrid"
"Piso en Calle de Hernani, Cuatro Caminos, Madrid",925€/mes,1,27,Planta 1ª interior sin ascensor,"Cuatro Caminos, Madrid"
"Estudio en Calle Barón del Castillo de Chirel, 13, Berruguete, Madrid",1.200€/mes,N/A,57,Planta 1ª exterior con ascensor,"Berruguete, Madrid"
"Piso en Calle de Fereluz, 18, Valdeacederas, Madrid",1.200€/mes,1,53,Planta 2ª exterior con ascensor,"Valdeacederas, Madrid"
"Piso en Paseo de la Dirección, 97, Berruguete, Madrid",1.300€/mes,2,60,Bajo exterior con ascensor,"Berruguete, Madrid"
"Piso en Calle de Robledo, Valdeacederas, Madrid",1.990€/mes,2,80,Planta 2ª exterior con ascensor,"Valdeacederas, Madrid"
"Estudio en Calle de Salamanca, Cuatro Caminos, Madrid",1.600€/mes,N/A,75,Planta 2ª interior con ascensor,"Cuatro Caminos, Madrid"
"Ático en Calle de Porfirio, Berruguete, Madrid",2.000€/mes,3,100,Planta 4ª exterior con ascensor,"Berruguete, Madrid"
"Piso en Calle de Robledo, Valdeacederas, Madrid",1.505€/mes,1,60,Planta 2ª exterior con ascensor,"Valdeacederas, Madrid"
"Piso en Calle de la Infanta Mercedes, Cuzco-Castillejos, Madrid",1.400€/mes,2,63,Planta 1ª interior con ascensor,"Cuzco-Castillejos, Madrid"
"Piso en Valdeacederas, Madrid",1.700€/mes,3,87,Planta 6ª exterior con ascensor,Madrid
"Piso en Calle Barón del Castillo de Chirel, 12, Berruguete, Madrid",1.200€/mes,1,57,Planta 1ª exterior con ascensor,"Berruguete, Madrid"
"Piso en Calle de Raimundo Fernández Villaverde, 17, Cuatro Caminos, Madrid",1.450€/mes,2,43,Planta 1ª interior con ascensor,"Cuatro Caminos, Madrid"
"Piso en Calle del Limonero, Cuzco-Castillejos, Madrid",1.100€/mes,1,40,Planta 2ª interior sin ascensor,"Cuzco-Castillejos, Madrid"
"Piso en Calle de María Ignacia, 16, Bellas Vistas, Madrid",1.900€/mes,3,74,Planta 5ª exterior con ascensor,"Bellas Vistas, Madrid"
"Ático en Calle Naranjo, 47, Berruguete, Madrid",1.550€/mes,N/A,45,Planta 4ª exterior con ascensor,"Berruguete, Madrid"
"Piso en Calle de la Infanta Mercedes, 97, Cuzco-Castillejos, Madrid",1.600€/mes,2,75,Planta 2ª exterior con ascensor,"Cuzco-Castillejos, Madrid"
"Piso en Calle de Raimundo Fernández Villaverde, 17, Cuatro Caminos, Madrid",1.550€/mes,2,55,Planta 6ª exterior con ascensor,"Cuatro Caminos, Madrid"
"Piso en Calle Esperanza Sánchez Carrascosa, 13, Valdeacederas, Madrid",1.125€/mes,1,42,Bajo exterior sin ascensor,"Valdeacederas, Madrid"
"Piso en Calle de Bravo Murillo, 243, Cuatro Caminos, Madrid",2.500€/mes,3,84,Planta 1ª exterior con ascensor,"Cuatro Caminos, Madrid"
"Ático en Calle de la Salvia, 4, Valdeacederas, Madrid",1.100€/mes,1,65,Planta 3ª exterior con ascensor,"Valdeacederas, Madrid"
"Piso en Calle del Aviador Zorita, 6, Cuatro Caminos, Madrid",1.400€/mes,1,60,N/A,"Cuatro Caminos, Madrid"
"Estudio en Vallehermoso, Madrid",1.090€/mes,N/A,40,Planta 4ª exterior con ascensor,Madrid
"Piso en Calle de Lérida, 91, Cuzco-Castillejos, Madrid",1.100€/mes,1,37,Planta 3ª exterior con ascensor,"Cuzco-Castillejos, Madrid"
"Piso en Cuatro Caminos, Madrid",1.600€/mes,2,65,Planta 7ª exterior con ascensor,Madrid
"Piso en Calle de la Hierbabuena, 12, Berruguete, Madrid",1.900€/mes,1,55,Planta 3ª exterior con ascensor,"Berruguete, Madrid"
"Piso en Calle de Rita Luna, 2, Berruguete, Madrid",1.200€/mes,2,41,Planta 2ª exterior sin ascensor,"Berruguete, Madrid"
"Piso en Calle de Alonso Cano, Nuevos Ministerios-Ríos Rosas, Madrid",1.200€/mes,1,50,Planta 1ª interior con ascensor,"Nuevos Ministerios-Ríos Rosas, Madrid"
"Piso en Nuevos Ministerios-Ríos Rosas, Madrid",2.350€/mes,2,111,Planta 6ª exterior con ascensor,Madrid
"Piso en CL Juan Montalvo, Ciudad Universitaria, Madrid",1.600€/mes,2,75,Planta 2ª interior con ascensor,"Ciudad Universitaria, Madrid"
"Piso en Calle de Jerónima Llorente, s/n, Bellas Vistas, Madrid",1.100€/mes,2,62,Planta 1ª exterior con ascensor,"s/n, Bellas Vistas, Madrid"
"Piso en Calle de Oudrid, 22, Bellas Vistas, Madrid",1.275€/mes,1,70,Planta 3ª exterior con ascensor,"Bellas Vistas, Madrid"
"Estudio en Calle de Sánchez Preciado, Valdezarza, Madrid",880€/mes,N/A,38,Planta 3ª exterior sin ascensor,"Valdezarza, Madrid"
"Piso en Calle de Alonso Núñez, Berruguete, Madrid",850€/mes,1,30,Bajo exterior sin ascensor,"Berruguete, Madrid"
"Estudio en Avenida del Doctor Federico Rubio y Galí, Bellas Vistas, Madrid",680€/mes,N/A,27,Bajo interior sin ascensor,"Bellas Vistas, Madrid"
"Estudio en Calle de Jaén, 8, Cuatro Caminos, Madrid",1.150€/mes,N/A,30,Planta 3ª exterior con ascensor,"Cuatro Caminos, Madrid"
"Piso en Calle de Almansa, 7, Bellas Vistas, Madrid",1.510€/mes,2,42,Planta 2ª interior sin ascensor,"Bellas Vistas, Madrid"
"Piso en Calle de Sánchez Preciado, Valdezarza, Madrid",1.200€/mes,1,46,Bajo exterior sin ascensor,"Valdezarza, Madrid"
"Piso en Calle de Tablada, 47, Berruguete, Madrid",1.150€/mes,1,57,Planta 3ª exterior con ascensor,"Berruguete, Madrid"
"Ático en Calle de Raimundo Fernández Villaverde, 35, Cuatro Caminos, Madrid",2.200€/mes,2,60,Planta 8ª exterior con ascensor,"Cuatro Caminos, Madrid"
"Piso en Calle de Juan de Olías, 37, Cuatro Caminos, Madrid",2.000€/mes,2,47,Planta 4ª exterior con ascensor,"Cuatro Caminos, Madrid"
"Piso en Calle de María Luisa, 20, Berruguete, Madrid",1.200€/mes,1,65,Planta 2ª exterior sin ascensor,"Berruguete, Madrid"
"Piso en Calle de María de Guzmán, Madrid, Nuevos Ministerios-Ríos Rosas, Madrid",1.700€/mes,2,49,Planta 4ª interior con ascensor,"Madrid, Nuevos Ministerios-Ríos Rosas, Madrid"
"Piso en Calle de Ceuta, 23, Valdeacederas, Madrid",1.590€/mes,2,67,Planta 2ª exterior con ascensor,"Valdeacederas, Madrid"
"Piso en Calle de Santa Engracia, Nuevos Ministerios-Ríos Rosas, Madrid",1.995€/mes,3,50,Bajo exterior sin ascensor,"Nuevos Ministerios-Ríos Rosas, Madrid"
"Piso en Berruguete, Madrid",1.950€/mes,2,85,Planta 3ª exterior con ascensor,Madrid
"Piso en Calle de Nuestra Señora del Carmen, 4, Berruguete, Madrid",1.800€/mes,2,57,Planta 1ª exterior con ascensor,"Berruguete, Madrid"
"Piso en Calle del Marqués de Viana, Valdeacederas, Madrid",1.200€/mes,2,68,Planta 4ª exterior con ascensor,"Valdeacederas, Madrid"
"Piso en Calle de Pinos Baja, Valdeacederas, Madrid",1.800€/mes,3,61,Planta 5ª exterior con ascensor,"Valdeacederas, Madrid"
"Piso en Calle de Carlos Latorre, 3, Bellas Vistas, Madrid",1.700€/mes,2,57,Bajo interior sin ascensor,"Bellas Vistas, Madrid"
"Ático en Calle Abel, 9, Bellas Vistas, Madrid",2.400€/mes,3,92,Planta 3ª exterior sin ascensor,"Bellas Vistas, Madrid"
"Estudio en Calle de Don Quijote, 1  - C, Cuatro Caminos, Madrid",1.100€/mes,N/A,43,Planta 1ª exterior con ascensor,"1  - C, Cuatro Caminos, Madrid"
"Piso en Calle Cantueso, 47, Valdeacederas, Madrid",1.290€/mes,1,65,Planta 2ª exterior con ascensor,"Valdeacederas, Madrid"
"Piso en Calle Esperanza Sánchez Carrascosa, 38, Valdeacederas, Madrid",1.675€/mes,3,110,Planta 1ª exterior con ascensor,"Valdeacederas, Madrid"
"Estudio en Calle de Zamora, 15, Bellas Vistas, Madrid",1.200€/mes,N/A,56,Planta 1ª exterior con ascensor,"Bellas Vistas, Madrid"
"Piso en Calle de Isla de la Gomera, 13, Berruguete, Madrid",1.400€/mes,2,60,Planta 3ª exterior sin ascensor,"Berruguete, Madrid"
"Piso en Calle de Asunción Castell, 1, Cuatro Caminos, Madrid",1.550€/mes,1,58,Planta 1ª exterior con ascensor,"Cuatro Caminos, Madrid"
"Piso en Avenida de Pablo Iglesias, 94, Bellas Vistas, Madrid",1.190€/mes,1,66,Planta 4ª exterior con ascensor,"Bellas Vistas, Madrid"
"Dúplex en Bellas Vistas, Madrid",5.300€/mes,4,200,Planta 2ª exterior con ascensor,Madrid
"Piso en Valdeacederas, Madrid",900€/mes,1,38,Planta 2ª exterior con ascensor,Madrid
"Piso en Calle Sófora, 21, Cuzco-Castillejos, Madrid",2.390€/mes,4,110,Bajo exterior sin ascensor,"Cuzco-Castillejos, Madrid"
"Dúplex en Nuevos Ministerios-Ríos Rosas, Madrid",6.400€/mes,5,244,Planta 8ª exterior con ascensor,Madrid
"Piso en Calle de Juan de Olías, Cuatro Caminos, Madrid",1.300€/mes,1,44,Bajo exterior con ascensor,"Cuatro Caminos, Madrid"
"Piso en Valdeacederas, Madrid",1.200€/mes,1,71,Planta 1ª exterior con ascensor,Madrid
"Piso en CL Carnicer, Bellas Vistas, Madrid",900€/mes,1,31,Planta 3ª exterior con ascensor,"Bellas Vistas, Madrid"
"Piso en Calle de Orense, Cuatro Caminos, Madrid",1.550€/mes,1,65,Planta 1ª interior con ascensor,"Cuatro Caminos, Madrid"
"Piso en Avenida del General Perón, Cuatro Caminos, Madrid",1.300€/mes,1,50,Planta 6ª exterior con ascensor,"Cuatro Caminos, Madrid"
"Piso en Calle de Alonso Cano, Nuevos Ministerios-Ríos Rosas, Madrid",2.300€/mes,2,90,Planta 1ª exterior con ascensor,"Nuevos Ministerios-Ríos Rosas, Madrid"
"Estudio en Calle de Dulcinea, Cuatro Caminos, Madrid",1.300€/mes,N/A,53,Planta 3ª exterior con ascensor,"Cuatro Caminos, Madrid"
"Estudio en Calle sofora, 25, Cuzco-Castillejos, Madrid",900€/mes,N/A,40,Planta 1ª exterior con ascensor,"Cuzco-Castillejos, Madrid"
"Piso en Cuatro Caminos, Madrid",1.000€/mes,1,51,Planta 1ª exterior sin ascensor,Madrid
"Dúplex en Calle Reina Mercedes, Cuatro Caminos, Madrid",590€/mes,N/A,20,Bajo exterior sin ascensor,"Cuatro Caminos, Madrid"
"Piso en Nuevos Ministerios-Ríos Rosas, Madrid",2.400€/mes,4,100,Planta 3ª exterior con ascensor,Madrid
"Piso en Calle de Huesca, 25, Cuzco-Castillejos, Madrid",1.690€/mes,2,82,Planta 1ª exterior con ascensor,"Cuzco-Castillejos, Madrid"
"Ático en Cuatro Caminos, Madrid",1.400€/mes,1,65,Planta 5ª exterior con ascensor,Madrid
"Piso en Calle del Roble, 10, Cuzco-Castillejos, Madrid",1.100€/mes,1,45,Planta 1ª exterior con ascensor,"Cuzco-Castillejos, Madrid"
"Ático en Cuatro Caminos, Madrid",1.400€/mes,1,65,Planta 3ª exterior con ascensor,Madrid
"Piso en palencia, Cuatro Caminos, Madrid",2.500€/mes,1,45,Planta 2ª exterior con ascensor,"Cuatro Caminos, Madrid"
"Piso en Calle de Manuel Luna, 8, Cuatro Caminos, Madrid",1.450€/mes,1,80,Planta 2ª exterior con ascensor,"Cuatro Caminos, Madrid"
"Piso en Calle de Tenerife, Bellas Vistas, Madrid",1.350€/mes,2,48,Bajo exterior sin ascensor,"Bellas Vistas, Madrid"
"Piso en Ventilla-Almenara, Madrid",1.000€/mes,1,46,Bajo exterior sin ascensor,Madrid
"Piso en Avenida de la Reina Victoria, Vallehermoso, Madrid",1.450€/mes,1,40,Planta 1ª exterior con ascensor,"Vallehermoso, Madrid"
"Estudio en Calle de los Yeros, Ventilla-Almenara, Madrid",840€/mes,N/A,60,Bajo exterior sin ascensor,"Ventilla-Almenara, Madrid"
"Estudio en Calle Lino, Cuzco-Castillejos, Madrid",1.100€/mes,N/A,39,Planta 1ª exterior con ascensor,"Cuzco-Castillejos, Madrid"
"Piso en Calle Mártires de Paracuellos, Cuatro Caminos, Madrid",1.000€/mes,1,54,N/A,"Cuatro Caminos, Madrid"
"Piso en Calle de la Infanta Mercedes, Cuzco-Castillejos, Madrid",1.800€/mes,1,65,Planta 1ª exterior con ascensor,"Cuzco-Castillejos, Madrid"
"Piso en Calle de la Infanta Mercedes, Cuzco-Castillejos, Madrid",1.800€/mes,1,65,Planta 1ª exterior con ascensor,"Cuzco-Castillejos, Madrid"
"Estudio en Calle del Capitán Blanco Argibay, Valdeacederas, Madrid",825€/mes,N/A,27,Bajo interior sin ascensor,"Valdeacederas, Madrid"
"Piso en Calle de Bravo Murillo, 342, Cuzco-Castillejos, Madrid",1.290€/mes,1,65,Planta 3ª exterior con ascensor,"Cuzco-Castillejos, Madrid"
"Piso en Avenida del Doctor Federico Rubio y Galí, 19, Bellas Vistas, Madrid",1.325€/mes,1,51,Planta 2ª exterior con ascensor,"Bellas Vistas, Madrid"
"Piso en Cuatro Caminos, Madrid",2.600€/mes,4,143,Planta 7ª exterior con ascensor,Madrid
"Piso en Bellas Vistas, Madrid",1.850€/mes,2,90,Planta 8ª exterior con ascensor,Madrid
"Piso en Calle de Pedro Villar, 17, Cuzco-Castillejos, Madrid",1.050€/mes,1,60,Planta 3ª exterior con ascensor,"Cuzco-Castillejos, Madrid"
"Ático en Nuevos Ministerios-Ríos Rosas, Madrid",1.400€/mes,1,50,Planta 6ª interior con ascensor,Madrid
"Piso en Calle de Olite, 48, Bellas Vistas, Madrid",1.700€/mes,2,68,Planta 4ª exterior con ascensor,"Bellas Vistas, Madrid"
"Estudio en Cuzco-Castillejos, Madrid",1.200€/mes,N/A,40,Planta 5ª exterior con ascensor,Madrid
"Piso en Calle Topete, 23, Bellas Vistas, Madrid",1.200€/mes,1,50,Planta 2ª exterior con ascensor,"Bellas Vistas, Madrid"
"Piso en Calle de Cuevas, 44, Valdeacederas, Madrid",2.200€/mes,2,150,Planta 1ª exterior sin ascensor,"Valdeacederas, Madrid"
"Ático en Calle reina mercedes, 4, Cuatro Caminos, Madrid",1.400€/mes,1,60,Planta 5ª exterior con ascensor,"Cuatro Caminos, Madrid"
"Dúplex en Calle del Marqués de Leis, 20, Cuzco-Castillejos, Madrid",1.280€/mes,1,80,N/A,"Cuzco-Castillejos, Madrid"
"Estudio en Calle Sófora, 7, Cuzco-Castillejos, Madrid",1.200€/mes,N/A,40,Planta 2ª exterior con ascensor,"Cuzco-Castillejos, Madrid"
"Piso en Calle Trébol, 1, Berruguete, Madrid",950€/mes,1,46,Bajo exterior sin ascensor,"Berruguete, Madrid"
"Piso en Calle de Jaén, 37, Cuatro Caminos, Madrid",950€/mes,1,25,Planta 4ª interior con ascensor,"Cuatro Caminos, Madrid"
"Piso en Calle de Castillejos, 6, Bellas Vistas, Madrid",1.100€/mes,1,47,Bajo exterior con ascensor,"Bellas Vistas, Madrid"
"Piso en Calle del Plátano, 13, Valdeacederas, Madrid",1.350€/mes,2,70,Planta 4ª exterior sin ascensor,"Valdeacederas, Madrid"
"Piso en Calle de Navarra, 5, Bellas Vistas, Madrid",1.150€/mes,2,72,Planta 2ª exterior sin ascensor,"Bellas Vistas, Madrid"
"Piso en Calle Fernando Ossorio, 11, Bellas Vistas, Madrid",1.700€/mes,3,67,Planta 1ª exterior con ascensor,"Bellas Vistas, Madrid"
"Ático en Calle de Sierra Bullones, 23, Valdeacederas, Madrid",1.200€/mes,1,65,Planta 4ª exterior con ascensor,"Valdeacederas, Madrid"
"Estudio en Calle de Carnicer, 7, Bellas Vistas, Madrid",890€/mes,N/A,60,Bajo exterior sin ascensor,"Bellas Vistas, Madrid"
"Piso en Calle del Divino Redentor, 16, Valdeacederas, Madrid",1.300€/mes,1,51,Planta 2ª exterior con ascensor,"Valdeacederas, Madrid"
"Piso en Glorieta de Cuatro Caminos, 12, Nuevos Ministerios-Ríos Rosas, Madrid",1.699€/mes,2,70,Bajo interior sin ascensor,"Nuevos Ministerios-Ríos Rosas, Madrid"
"Estudio en Calle de jerónima llorente, 17, Bellas Vistas, Madrid",1.050€/mes,N/A,40,Planta 3ª exterior con ascensor,"Bellas Vistas, Madrid"
"Piso en Calle de Salamanca, 2, Cuatro Caminos, Madrid",1.600€/mes,1,60,Planta 2ª exterior con ascensor,"Cuatro Caminos, Madrid"
"Estudio en Calle de la Infanta Mercedes, 92, Cuzco-Castillejos, Madrid",920€/mes,N/A,35,Planta 1ª exterior con ascensor,"Cuzco-Castillejos, Madrid"
"Piso en Calle de Alvarado, 10, Bellas Vistas, Madrid",1.560€/mes,2,55,Planta 2ª exterior con ascensor,"Bellas Vistas, Madrid"
"Piso en Calle de Ávila, 5, Cuatro Caminos, Madrid",1.650€/mes,2,75,Bajo exterior sin ascensor,"Cuatro Caminos, Madrid"
"Piso en Calle de José Francisco Iturzaeta e Izaguirre, 2, Valdeacederas, Madrid",1.600€/mes,2,98,Planta 3ª exterior con ascensor,"Valdeacederas, Madrid"
"Piso en Calle de Pedro Tezano, 6, Berruguete, Madrid",2.200€/mes,2,90,Planta 2ª exterior sin ascensor,"Berruguete, Madrid"
"Piso en Calle de las Azucenas, 31, Valdeacederas, Madrid",1.295€/mes,1,50,Planta 1ª exterior con ascensor,"Valdeacederas, Madrid"
"Piso en Calle de Nuestra Señora del Carmen, 7, Berruguete, Madrid",1.200€/mes,1,55,Planta 3ª exterior con ascensor,"Berruguete, Madrid"
"Piso en Calle de la Infanta Mercedes, 96, Cuzco-Castillejos, Madrid",1.400€/mes,1,60,Planta 3ª exterior con ascensor,"Cuzco-Castillejos, Madrid"
"Piso en Calle de Alvarado, 11, Bellas Vistas, Madrid",1.550€/mes,2,47,Planta 1ª exterior con ascensor,"Bellas Vistas, Madrid"
"Piso en Calle de los Voluntarios Catalanes, 42, Valdeacederas, Madrid",2.499€/mes,1,50,Planta 2ª exterior con ascensor,"Valdeacederas, Madrid"
"Piso en Calle de Almansa, 45  bajo 6, Bellas Vistas, Madrid",1.750€/mes,2,75,Bajo exterior sin ascensor,"45  bajo 6, Bellas Vistas, Madrid"
"Piso en Calle Carolinas, 17, Bellas Vistas, Madrid",1.600€/mes,1,92,Bajo exterior con ascensor,"Bellas Vistas, Madrid"
"Piso en Paseo de la Dirección, 116, Berruguete, Madrid",1.200€/mes,1,50,Planta 5ª exterior con ascensor,"Berruguete, Madrid"
"Piso en Calle de Almansa, 45, Bellas Vistas, Madrid",1.750€/mes,2,75,Bajo exterior sin ascensor,"Bellas Vistas, Madrid"
"Piso en Calle de Almansa, 70, Bellas Vistas, Madrid",2.700€/mes,3,82,Planta 2ª exterior sin ascensor,"Bellas Vistas, Madrid"
"Piso en Calle de Lope de Haro, 23, Berruguete, Madrid",1.600€/mes,3,90,Planta 3ª exterior con ascensor,"Berruguete, Madrid"
"Piso en Calle de los Artistas, 51, Cuatro Caminos, Madrid",1.400€/mes,2,58,Bajo interior con ascensor,"Cuatro Caminos, Madrid"
"Piso en Bellas Vistas, Madrid",1.300€/mes,1,40,Planta 3ª interior sin ascensor,Madrid
"Piso en Bellas Vistas, Madrid",1.450€/mes,3,81,Planta 2ª exterior sin ascensor,Madrid
"Piso en Calle de la Coruña, Cuatro Caminos, Madrid",1.195€/mes,2,45,Planta 2ª interior sin ascensor,"Cuatro Caminos, Madrid"
"Dúplex en Calle de Guipúzcoa, 1, Cuatro Caminos, Madrid",2.400€/mes,2,97,Planta 3ª exterior con ascensor,"Cuatro Caminos, Madrid"
"Piso en Bellas Vistas, Madrid",1.300€/mes,3,75,Planta 2ª exterior con ascensor,Madrid
"Piso en Calle del Poeta Joan Maragall, Cuzco-Castillejos, Madrid",1.700€/mes,3,88,Planta 7ª exterior con ascensor,"Cuzco-Castillejos, Madrid"
"Piso en Valdezarza, Madrid",1.400€/mes,3,85,Planta 3ª exterior sin ascensor,Madrid
"Piso en Calle Alonso Castrillo, Cuzco-Castillejos, Madrid",1.350€/mes,1,41,Bajo interior con ascensor,"Cuzco-Castillejos, Madrid"
"Estudio en Cuatro Caminos, Madrid",2.300€/mes,N/A,45,Planta 1ª interior con ascensor,Madrid
"Piso en Calle Veza, 33, Valdeacederas, Madrid",1.200€/mes,1,70,Planta 2ª exterior con ascensor,"Valdeacederas, Madrid"
"Estudio en Calle del Cactus, 45, Valdeacederas, Madrid",850€/mes,N/A,25,Bajo exterior sin ascensor,"Valdeacederas, Madrid"
"Piso en Avenida del Doctor Federico Rubio y Galí, Bellas Vistas, Madrid",850€/mes,1,33,Planta 3ª interior sin ascensor,"Bellas Vistas, Madrid"
"Piso en Calle de Juan Pantoja, 19, Bellas Vistas, Madrid",1.190€/mes,2,33,Bajo interior sin ascensor,"Bellas Vistas, Madrid"
"Piso en Calle de Dulcinea, 65, Cuatro Caminos, Madrid",1.300€/mes,1,50,Planta 2ª exterior con ascensor,"Cuatro Caminos, Madrid"
"Ático en Ciudad Universitaria, Madrid",1.950€/mes,2,75,Planta 6ª exterior con ascensor,Madrid
"Piso en Calle Almansa, 47 b, Bellas Vistas, Madrid",1.300€/mes,2,70,Planta 1ª exterior sin ascensor,"47 b, Bellas Vistas, Madrid"
"Piso en Ciudad Universitaria, Madrid",1.400€/mes,3,88,Planta 5ª exterior con ascensor,Madrid
"Ático en Avenida del Doctor Federico Rubio y Galí, 29, Bellas Vistas, Madrid",1.500€/mes,1,60,Planta 3ª exterior con ascensor,"Bellas Vistas, Madrid"
"Piso en Calle de San Rogelio, 14, Bellas Vistas, Madrid",1.100€/mes,1,45,Planta 3ª exterior sin ascensor,"Bellas Vistas, Madrid"
"Piso en Calle de Hernani, 17, Cuatro Caminos, Madrid",1.290€/mes,1,35,Planta 2ª exterior sin ascensor,"Cuatro Caminos, Madrid"
"Estudio en Calle Carolinas, 4, Bellas Vistas, Madrid",825€/mes,N/A,45,Planta 1ª exterior con ascensor,"Bellas Vistas, Madrid"
"Piso en Calle de María Zayas, 19, Berruguete, Madrid",1.090€/mes,1,45,Planta 1ª interior sin ascensor,"Berruguete, Madrid"
"Piso en Calle del Marqués de Leis, 17, Cuzco-Castillejos, Madrid",1.280€/mes,1,65,Bajo exterior sin ascensor,"Cuzco-Castillejos, Madrid"
"Piso en Calle de Navarra, 26, Bellas Vistas, Madrid",1.750€/mes,2,70,Planta 2ª exterior sin ascensor,"Bellas Vistas, Madrid"
"Piso en Calle maría luisa, 15, Berruguete, Madrid",1.060€/mes,2,65,N/A,"Berruguete, Madrid"
"Piso en Calle del Capitán Blanco Argibay, 7, Valdeacederas, Madrid",1.100€/mes,1,33,N/A,"Valdeacederas, Madrid"
"Piso en Berruguete, Madrid",1.100€/mes,1,50,Bajo exterior con ascensor,Madrid
"Estudio en Ventilla-Almenara, Madrid",850€/mes,N/A,40,Bajo exterior sin ascensor,Madrid
"Piso en Bellas Vistas, Madrid",1.450€/mes,3,80,Planta 1ª exterior con ascensor,Madrid
"Estudio en Cuatro Caminos, Madrid",1.950€/mes,N/A,32,Planta 1ª interior con ascensor,Madrid
"Piso en Calle de Lérida, 4, Cuatro Caminos, Madrid",1.640€/mes,2,58,Planta 1ª exterior sin ascensor,"Cuatro Caminos, Madrid"
"Piso en Calle de María Luisa, 22, Berruguete, Madrid",1.250€/mes,1,60,Planta 2ª exterior con ascensor,"Berruguete, Madrid"
"Piso en Avenida del Doctor Federico Rubio y Galí, 5, Bellas Vistas, Madrid",1.500€/mes,2,70,Planta 7ª exterior con ascensor,"Bellas Vistas, Madrid"
"Piso en Calle Capitan Blanco Argibay, 101, Valdeacederas, Madrid",1.150€/mes,1,67,Planta 3ª interior sin ascensor,"Valdeacederas, Madrid"
